ISO-10303-21;
HEADER;
FILE_DESCRIPTION (( 'STEP AP214' ),
    '1' );
FILE_NAME ('Pcb_chassis.STEP',
    '2026-02-25T17:50:32',
    ( '' ),
    ( '' ),
    'SwSTEP 2.0',
    'SolidWorks 2025',
    '' );
FILE_SCHEMA (( 'AUTOMOTIVE_DESIGN' ));
ENDSEC;

DATA;
#1 = FACE_OUTER_BOUND ( 'NONE', #1211, .T. ) ;
#2 = ORIENTED_EDGE ( 'NONE', *, *, #1494, .T. ) ;
#3 = VECTOR ( 'NONE', #438, 1000.000000000000000 ) ;
#4 = SHAPE_REPRESENTATION_RELATIONSHIP ( 'NONE' , 'NONE' ,  #860, #422 ) ;
#5 = VERTEX_POINT ( 'NONE', #842 ) ;
#6 = ADVANCED_FACE ( 'NONE', ( #1336 ), #981, .F. ) ;
#7 = DIRECTION ( 'NONE',  ( 1.000000000000000000, -0.000000000000000000, -0.000000000000000000 ) ) ;
#8 = VERTEX_POINT ( 'NONE', #486 ) ;
#9 = FACE_OUTER_BOUND ( 'NONE', #546, .T. ) ;
#10 = DIRECTION ( 'NONE',  ( -1.000000000000000000, -0.000000000000000000, -0.000000000000000000 ) ) ;
#11 = EDGE_CURVE ( 'NONE', #657, #1392, #642, .T. ) ;
#12 = ORIENTED_EDGE ( 'NONE', *, *, #1286, .T. ) ;
#13 = ORIENTED_EDGE ( 'NONE', *, *, #1234, .F. ) ;
#14 = LINE ( 'NONE', #870, #1462 ) ;
#15 = AXIS2_PLACEMENT_3D ( 'NONE', #733, #1446, #94 ) ;
#16 = ORIENTED_EDGE ( 'NONE', *, *, #216, .F. ) ;
#17 = DIRECTION ( 'NONE',  ( 0.000000000000000000, 0.000000000000000000, -1.000000000000000000 ) ) ;
#18 = ORIENTED_EDGE ( 'NONE', *, *, #964, .T. ) ;
#19 = ORIENTED_EDGE ( 'NONE', *, *, #145, .F. ) ;
#20 = CARTESIAN_POINT ( 'NONE',  ( 0.000000000000000000, -87.25628796984491942, 90.96216245713159765 ) ) ;
#21 = ORIENTED_EDGE ( 'NONE', *, *, #527, .F. ) ;
#22 = DIRECTION ( 'NONE',  ( 0.000000000000000000, 0.000000000000000000, -1.000000000000000000 ) ) ;
#23 = DIRECTION ( 'NONE',  ( 0.000000000000000000, 0.000000000000000000, -1.000000000000000000 ) ) ;
#24 = ADVANCED_FACE ( 'NONE', ( #598 ), #1073, .T. ) ;
#25 = AXIS2_PLACEMENT_3D ( 'NONE', #1254, #75, #1513 ) ;
#26 = APPLICATION_PROTOCOL_DEFINITION ( 'draft international standard', 'automotive_design', 1998, #741 ) ;
#27 = ORIENTED_EDGE ( 'NONE', *, *, #1428, .T. ) ;
#28 = DIRECTION ( 'NONE',  ( 0.000000000000000000, 0.7660444431189771253, -0.6427876096865403621 ) ) ;
#29 = EDGE_CURVE ( 'NONE', #628, #455, #1387, .T. ) ;
#30 = ORIENTED_EDGE ( 'NONE', *, *, #350, .T. ) ;
#31 = DIRECTION ( 'NONE',  ( 0.000000000000000000, 0.6427876096865408062, -0.7660444431189769032 ) ) ;
#32 = VECTOR ( 'NONE', #760, 1000.000000000000000 ) ;
#33 = CARTESIAN_POINT ( 'NONE',  ( 5.000000000000000000, -75.33151685153028154, 12.38770900000082875 ) ) ;
#34 = AXIS2_PLACEMENT_3D ( 'NONE', #507, #382, #1473 ) ;
#35 = CARTESIAN_POINT ( 'NONE',  ( 5.000000000000000000, -60.90258700000000402, 77.98770899999999529 ) ) ;
#36 = ORIENTED_EDGE ( 'NONE', *, *, #1449, .F. ) ;
#37 = CARTESIAN_POINT ( 'NONE',  ( 2.000000000000000000, -87.25628796984491942, 90.96216245713159765 ) ) ;
#38 = AXIS2_PLACEMENT_3D ( 'NONE', #187, #1025, #79 ) ;
#39 = VECTOR ( 'NONE', #203, 1000.000000000000000 ) ;
#40 = FACE_OUTER_BOUND ( 'NONE', #256, .T. ) ;
#41 = LINE ( 'NONE', #525, #32 ) ;
#42 = AXIS2_PLACEMENT_3D ( 'NONE', #1426, #948, #1200 ) ;
#43 = ORIENTED_EDGE ( 'NONE', *, *, #898, .F. ) ;
#44 = FACE_OUTER_BOUND ( 'NONE', #95, .T. ) ;
#45 = CARTESIAN_POINT ( 'NONE',  ( 5.000000000000000000, 0.000000000000000000, 90.96216245713159765 ) ) ;
#46 = DIRECTION ( 'NONE',  ( -1.000000000000000000, -0.000000000000000000, -0.000000000000000000 ) ) ;
#47 = ORIENTED_EDGE ( 'NONE', *, *, #634, .F. ) ;
#48 = DIRECTION ( 'NONE',  ( 1.000000000000000000, 0.000000000000000000, 0.000000000000000000 ) ) ;
#49 = CARTESIAN_POINT ( 'NONE',  ( 5.000000000000000000, -88.19361116546521373, 65.28770900000189670 ) ) ;
#50 = DIRECTION ( 'NONE',  ( 0.000000000000000000, 0.000000000000000000, -1.000000000000000000 ) ) ;
#51 = EDGE_CURVE ( 'NONE', #755, #300, #1440, .T. ) ;
#52 = ORIENTED_EDGE ( 'NONE', *, *, #1023, .T. ) ;
#53 = CARTESIAN_POINT ( 'NONE',  ( 5.000000000000000000, -53.85431027177713759, 90.96216245713159765 ) ) ;
#54 = CIRCLE ( 'NONE', #663, 17.29999999999999716 ) ;
#55 = ORIENTED_EDGE ( 'NONE', *, *, #927, .F. ) ;
#56 = LINE ( 'NONE', #1384, #269 ) ;
#57 = CARTESIAN_POINT ( 'NONE',  ( 2.000000000000000000, -46.47360362483000529, 18.08758542356999754 ) ) ;
#58 = VECTOR ( 'NONE', #953, 1000.000000000000000 ) ;
#59 = LINE ( 'NONE', #1047, #877 ) ;
#60 = ORIENTED_EDGE ( 'NONE', *, *, #227, .F. ) ;
#61 = CARTESIAN_POINT ( 'NONE',  ( 5.297946360252840492, -55.00834209381562090, 90.96216245713159765 ) ) ;
#62 =( GEOMETRIC_REPRESENTATION_CONTEXT ( 3 ) GLOBAL_UNCERTAINTY_ASSIGNED_CONTEXT ( ( #1451 ) ) GLOBAL_UNIT_ASSIGNED_CONTEXT ( ( #845, #743, #239 ) ) REPRESENTATION_CONTEXT ( 'NONE', 'WORKASPACE' ) );
#63 = ORIENTED_EDGE ( 'NONE', *, *, #626, .F. ) ;
#64 = CARTESIAN_POINT ( 'NONE',  ( 5.000000000000000000, -93.90258695503759157, 65.28770900000297672 ) ) ;
#65 = DIRECTION ( 'NONE',  ( 0.000000000000000000, 0.000000000000000000, 1.000000000000000000 ) ) ;
#66 = AXIS2_PLACEMENT_3D ( 'NONE', #806, #570, #179 ) ;
#67 = FACE_OUTER_BOUND ( 'NONE', #214, .T. ) ;
#68 = ADVANCED_FACE ( 'NONE', ( #157 ), #267, .T. ) ;
#69 = VERTEX_POINT ( 'NONE', #1242 ) ;
#70 = CARTESIAN_POINT ( 'NONE',  ( 2.000000000000000000, -28.90258700000000047, 58.58770900000000381 ) ) ;
#71 = CIRCLE ( 'NONE', #1228, 2.049999999999999822 ) ;
#72 = EDGE_CURVE ( 'NONE', #142, #1162, #535, .T. ) ;
#73 = ORIENTED_EDGE ( 'NONE', *, *, #1364, .T. ) ;
#74 = DIRECTION ( 'NONE',  ( -1.000000000000000000, -0.000000000000000000, -0.000000000000000000 ) ) ;
#75 = DIRECTION ( 'NONE',  ( -1.000000000000000000, -0.000000000000000000, -0.000000000000000000 ) ) ;
#76 = AXIS2_PLACEMENT_3D ( 'NONE', #1437, #1086, #17 ) ;
#77 = DIRECTION ( 'NONE',  ( 0.000000000000000000, 0.000000000000000000, -1.000000000000000000 ) ) ;
#78 = ORIENTED_EDGE ( 'NONE', *, *, #906, .T. ) ;
#79 = DIRECTION ( 'NONE',  ( 0.000000000000000000, 0.000000000000000000, -1.000000000000000000 ) ) ;
#80 = EDGE_CURVE ( 'NONE', #829, #254, #513, .T. ) ;
#81 = ORIENTED_EDGE ( 'NONE', *, *, #180, .F. ) ;
#82 = CARTESIAN_POINT ( 'NONE',  ( 5.000000000000000000, -22.20258700000706042, 2.630521213253634923E-12 ) ) ;
#83 = ADVANCED_FACE ( 'NONE', ( #40 ), #641, .T. ) ;
#84 = DIRECTION ( 'NONE',  ( -1.000000000000000000, -0.000000000000000000, -0.000000000000000000 ) ) ;
#85 = AXIS2_PLACEMENT_3D ( 'NONE', #1248, #1123, #901 ) ;
#86 = DIRECTION ( 'NONE',  ( 1.000000000000000000, 0.000000000000000000, 0.000000000000000000 ) ) ;
#87 = ORIENTED_EDGE ( 'NONE', *, *, #1236, .T. ) ;
#88 = CARTESIAN_POINT ( 'NONE',  ( 5.000000000000000000, -67.95086372822285625, 90.96216245713159765 ) ) ;
#89 = ORIENTED_EDGE ( 'NONE', *, *, #299, .T. ) ;
#90 = EDGE_CURVE ( 'NONE', #574, #1162, #722, .T. ) ;
#91 = DIRECTION ( 'NONE',  ( 0.000000000000000000, 0.000000000000000000, 1.000000000000000000 ) ) ;
#92 = VECTOR ( 'NONE', #477, 1000.000000000000000 ) ;
#93 = LINE ( 'NONE', #321, #1284 ) ;
#94 = DIRECTION ( 'NONE',  ( 0.000000000000000000, -0.7071067811855633600, 0.7071067811875317854 ) ) ;
#95 = EDGE_LOOP ( 'NONE', ( #105, #12, #621, #202 ) ) ;
#96 = FACE_OUTER_BOUND ( 'NONE', #693, .T. ) ;
#97 = ORIENTED_EDGE ( 'NONE', *, *, #1530, .T. ) ;
#98 = CARTESIAN_POINT ( 'NONE',  ( 15.00000000000000178, -60.90258700000000402, 27.18770900000000523 ) ) ;
#99 = ORIENTED_EDGE ( 'NONE', *, *, #883, .F. ) ;
#100 = LINE ( 'NONE', #475, #276 ) ;
#101 = PLANE ( 'NONE',  #1448 ) ;
#102 = ORIENTED_EDGE ( 'NONE', *, *, #759, .T. ) ;
#103 = EDGE_CURVE ( 'NONE', #960, #924, #523, .T. ) ;
#104 = PLANE ( 'NONE',  #519 ) ;
#105 = ORIENTED_EDGE ( 'NONE', *, *, #1168, .T. ) ;
#106 = DIRECTION ( 'NONE',  ( 1.000000000000000000, 0.000000000000000000, 0.000000000000000000 ) ) ;
#107 = DIRECTION ( 'NONE',  ( 1.000000000000000000, 0.000000000000000000, 0.000000000000000000 ) ) ;
#108 = AXIS2_PLACEMENT_3D ( 'NONE', #1548, #857, #1184 ) ;
#109 = LINE ( 'NONE', #1060, #1294 ) ;
#110 = ORIENTED_EDGE ( 'NONE', *, *, #797, .F. ) ;
#111 = LINE ( 'NONE', #1056, #39 ) ;
#112 = VECTOR ( 'NONE', #46, 1000.000000000000000 ) ;
#113 = DIRECTION ( 'NONE',  ( 0.000000000000000000, 0.000000000000000000, 1.000000000000000000 ) ) ;
#114 = AXIS2_PLACEMENT_3D ( 'NONE', #911, #536, #920 ) ;
#115 = ORIENTED_EDGE ( 'NONE', *, *, #323, .F. ) ;
#116 = CARTESIAN_POINT ( 'NONE',  ( 2.000000000000000000, -60.90258700000000402, 51.18770899999999102 ) ) ;
#117 = DIRECTION ( 'NONE',  ( 0.000000000000000000, 0.000000000000000000, -1.000000000000000000 ) ) ;
#118 = LINE ( 'NONE', #841, #1321 ) ;
#119 = EDGE_LOOP ( 'NONE', ( #668, #78, #220, #986 ) ) ;
#120 = AXIS2_PLACEMENT_3D ( 'NONE', #1208, #368, #838 ) ;
#121 = ADVANCED_FACE ( 'NONE', ( #530 ), #1357, .F. ) ;
#122 = AXIS2_PLACEMENT_3D ( 'NONE', #908, #1142, #91 ) ;
#123 = ADVANCED_FACE ( 'NONE', ( #1002 ), #279, .F. ) ;
#124 = ORIENTED_EDGE ( 'NONE', *, *, #356, .F. ) ;
#125 = EDGE_CURVE ( 'NONE', #1392, #353, #895, .T. ) ;
#126 = VERTEX_POINT ( 'NONE', #995 ) ;
#127 = DIRECTION ( 'NONE',  ( 0.000000000000000000, -7.304145739551560335E-15, -1.000000000000000000 ) ) ;
#128 = CARTESIAN_POINT ( 'NONE',  ( 5.000000000000000000, -75.33151685153028154, 12.38770900000082875 ) ) ;
#129 = ORIENTED_EDGE ( 'NONE', *, *, #125, .T. ) ;
#130 = ORIENTED_EDGE ( 'NONE', *, *, #898, .T. ) ;
#131 = PRODUCT_DEFINITION_CONTEXT ( 'detailed design', #1455, 'design' ) ;
#132 = DIRECTION ( 'NONE',  ( -1.000000000000000000, -0.000000000000000000, -0.000000000000000000 ) ) ;
#133 = ORIENTED_EDGE ( 'NONE', *, *, #1005, .F. ) ;
#134 = DIRECTION ( 'NONE',  ( -1.000000000000000000, -0.000000000000000000, -0.000000000000000000 ) ) ;
#135 = EDGE_CURVE ( 'NONE', #126, #1207, #1153, .T. ) ;
#136 = VERTEX_POINT ( 'NONE', #884 ) ;
#137 = ORIENTED_EDGE ( 'NONE', *, *, #1352, .T. ) ;
#138 = APPLICATION_CONTEXT ( 'automotive_design' ) ;
#139 = LINE ( 'NONE', #1359, #432 ) ;
#140 = CIRCLE ( 'NONE', #1544, 1.600000000000004086 ) ;
#141 = EDGE_CURVE ( 'NONE', #178, #1249, #352, .T. ) ;
#142 = VERTEX_POINT ( 'NONE', #1463 ) ;
#143 = DIRECTION ( 'NONE',  ( 0.000000000000000000, 0.000000000000000000, -1.000000000000000000 ) ) ;
#144 = DIRECTION ( 'NONE',  ( -1.000000000000000000, -0.000000000000000000, -0.000000000000000000 ) ) ;
#145 = EDGE_CURVE ( 'NONE', #816, #1410, #71, .T. ) ;
#146 = ORIENTED_EDGE ( 'NONE', *, *, #299, .F. ) ;
#147 = PLANE ( 'NONE',  #1182 ) ;
#148 = ORIENTED_EDGE ( 'NONE', *, *, #29, .T. ) ;
#149 = CARTESIAN_POINT ( 'NONE',  ( 15.00000000000000178, -60.90258700000000402, 64.58770899999998960 ) ) ;
#150 = CARTESIAN_POINT ( 'NONE',  ( 0.000000000000000000, -80.84231769622000741, 96.34412254811232401 ) ) ;
#151 = AXIS2_PLACEMENT_3D ( 'NONE', #57, #1378, #302 ) ;
#152 = EDGE_CURVE ( 'NONE', #1214, #300, #647, .T. ) ;
#153 = FACE_OUTER_BOUND ( 'NONE', #228, .T. ) ;
#154 = VECTOR ( 'NONE', #935, 1000.000000000000000 ) ;
#155 = ORIENTED_EDGE ( 'NONE', *, *, #1138, .F. ) ;
#156 = FACE_OUTER_BOUND ( 'NONE', #1308, .T. ) ;
#157 = FACE_OUTER_BOUND ( 'NONE', #389, .T. ) ;
#158 = CARTESIAN_POINT ( 'NONE',  ( 2.000000000000000000, -11.44321279232737076, -1.588064789715871963E-15 ) ) ;
#159 = VERTEX_POINT ( 'NONE', #273 ) ;
#160 = CARTESIAN_POINT ( 'NONE',  ( 0.000000000000000000, -93.57738817457848768, 17.60517362824719001 ) ) ;
#161 = AXIS2_PLACEMENT_3D ( 'NONE', #1316, #1552, #810 ) ;
#162 = DIRECTION ( 'NONE',  ( -0.000000000000000000, 1.313397396878841866E-13, 1.000000000000000000 ) ) ;
#163 = ADVANCED_FACE ( 'NONE', ( #287 ), #774, .T. ) ;
#164 = LINE ( 'NONE', #676, #725 ) ;
#165 = VERTEX_POINT ( 'NONE', #33 ) ;
#166 = CARTESIAN_POINT ( 'NONE',  ( 5.000000000000000000, -60.90258700000000402, 64.58770899999998960 ) ) ;
#167 = EDGE_CURVE ( 'NONE', #1520, #574, #922, .T. ) ;
#168 = DIRECTION ( 'NONE',  ( 0.000000000000000000, 1.313397396878841866E-13, 1.000000000000000000 ) ) ;
#169 = VERTEX_POINT ( 'NONE', #1233 ) ;
#170 = CARTESIAN_POINT ( 'NONE',  ( 5.765491944357406418, -57.93486476844182675, 90.96216245713159765 ) ) ;
#171 = ORIENTED_EDGE ( 'NONE', *, *, #1358, .F. ) ;
#172 = DIRECTION ( 'NONE',  ( 0.000000000000000000, 0.000000000000000000, 1.000000000000000000 ) ) ;
#173 = DIRECTION ( 'NONE',  ( 0.000000000000000000, 0.000000000000000000, -1.000000000000000000 ) ) ;
#174 = FACE_OUTER_BOUND ( 'NONE', #1460, .T. ) ;
#175 = ORIENTED_EDGE ( 'NONE', *, *, #567, .T. ) ;
#176 = DIRECTION ( 'NONE',  ( -1.000000000000000000, -0.000000000000000000, -0.000000000000000000 ) ) ;
#177 = AXIS2_PLACEMENT_3D ( 'NONE', #723, #1081, #714 ) ;
#178 = VERTEX_POINT ( 'NONE', #448 ) ;
#179 = DIRECTION ( 'NONE',  ( 0.000000000000000000, 0.000000000000000000, 1.000000000000000000 ) ) ;
#180 = EDGE_CURVE ( 'NONE', #377, #1431, #1497, .T. ) ;
#181 = CARTESIAN_POINT ( 'NONE',  ( 5.000000000000000000, -43.61675465093448167, 65.28770899999999244 ) ) ;
#182 = VECTOR ( 'NONE', #776, 1000.000000000000000 ) ;
#183 = VECTOR ( 'NONE', #815, 1000.000000000000000 ) ;
#184 = CARTESIAN_POINT ( 'NONE',  ( 5.000000000000000000, -93.90258732116001283, 59.58770932116600250 ) ) ;
#185 = VERTEX_POINT ( 'NONE', #909 ) ;
#186 = EDGE_CURVE ( 'NONE', #955, #185, #1505, .T. ) ;
#187 = CARTESIAN_POINT ( 'NONE',  ( 0.000000000000000000, -60.90258700000000402, 25.58770900000000026 ) ) ;
#188 = EDGE_LOOP ( 'NONE', ( #855, #837 ) ) ;
#189 = CARTESIAN_POINT ( 'NONE',  ( 5.000000000000000000, -46.47360362483000529, 18.08758542356999754 ) ) ;
#190 = VECTOR ( 'NONE', #1443, 1000.000000000000000 ) ;
#191 = CARTESIAN_POINT ( 'NONE',  ( 5.000000000000000000, 0.000000000000000000, 2.186238673203500404 ) ) ;
#192 = VECTOR ( 'NONE', #916, 1000.000000000000000 ) ;
#193 = CARTESIAN_POINT ( 'NONE',  ( 2.000000000000000000, -99.60258699999999976, 36.65877699999999351 ) ) ;
#194 = ORIENTED_EDGE ( 'NONE', *, *, #1038, .F. ) ;
#195 = DIRECTION ( 'NONE',  ( 0.000000000000000000, -0.7071067811855633600, 0.7071067811875317854 ) ) ;
#196 = ADVANCED_FACE ( 'NONE', ( #807 ), #456, .F. ) ;
#197 = ORIENTED_EDGE ( 'NONE', *, *, #919, .F. ) ;
#198 = DIRECTION ( 'NONE',  ( -1.000000000000000000, -0.000000000000000000, -0.000000000000000000 ) ) ;
#199 = DIRECTION ( 'NONE',  ( 0.000000000000000000, -1.000000000000000000, 1.898747966482274254E-13 ) ) ;
#200 = CIRCLE ( 'NONE', #561, 17.29999999999999716 ) ;
#201 = CARTESIAN_POINT ( 'NONE',  ( 5.000000000000000000, -60.90258700000000402, 64.58770899999998960 ) ) ;
#202 = ORIENTED_EDGE ( 'NONE', *, *, #152, .F. ) ;
#203 = DIRECTION ( 'NONE',  ( 1.000000000000000000, -0.000000000000000000, -0.000000000000000000 ) ) ;
#204 = VERTEX_POINT ( 'NONE', #1403 ) ;
#205 = DIRECTION ( 'NONE',  ( 0.000000000000000000, -1.000000000000000000, 2.873386205059205420E-14 ) ) ;
#206 = CARTESIAN_POINT ( 'NONE',  ( 0.000000000000000000, -92.90258699999999692, 60.18770900000000523 ) ) ;
#207 = DIRECTION ( 'NONE',  ( 0.000000000000000000, 0.000000000000000000, -1.000000000000000000 ) ) ;
#208 = ORIENTED_EDGE ( 'NONE', *, *, #1238, .T. ) ;
#209 = VECTOR ( 'NONE', #1498, 1000.000000000000000 ) ;
#210 = DIRECTION ( 'NONE',  ( 0.000000000000000000, 0.000000000000000000, -1.000000000000000000 ) ) ;
#211 = DIRECTION ( 'NONE',  ( 0.000000000000000000, 0.000000000000000000, -1.000000000000000000 ) ) ;
#212 = ORIENTED_EDGE ( 'NONE', *, *, #303, .T. ) ;
#213 = B_SPLINE_CURVE_WITH_KNOTS ( 'NONE', 3,
 ( #88, #1416, #575, #1292 ),
 .UNSPECIFIED., .F., .F.,
 ( 4, 4 ),
 ( 0.000000000000000000, 0.007107641533892349213 ),
 .UNSPECIFIED. ) ;
#214 = EDGE_LOOP ( 'NONE', ( #559, #288, #1209, #339, #349 ) ) ;
#215 = CARTESIAN_POINT ( 'NONE',  ( 5.000000000000000000, -22.20258699999999763, 59.58770900000000381 ) ) ;
#216 = EDGE_CURVE ( 'NONE', #1431, #615, #1374, .T. ) ;
#217 = DIRECTION ( 'NONE',  ( 0.000000000000000000, -1.000000000000000000, 0.000000000000000000 ) ) ;
#218 = ORIENTED_EDGE ( 'NONE', *, *, #539, .T. ) ;
#219 = DIRECTION ( 'NONE',  ( 0.000000000000000000, 0.000000000000000000, 1.000000000000000000 ) ) ;
#220 = ORIENTED_EDGE ( 'NONE', *, *, #1352, .F. ) ;
#221 = CARTESIAN_POINT ( 'NONE',  ( 0.000000000000000000, -28.90258700000000047, 58.58770900000000381 ) ) ;
#222 = AXIS2_PLACEMENT_3D ( 'NONE', #391, #144, #406 ) ;
#223 = EDGE_CURVE ( 'NONE', #924, #569, #836, .T. ) ;
#224 = ORIENTED_EDGE ( 'NONE', *, *, #1494, .F. ) ;
#225 = LINE ( 'NONE', #215, #1465 ) ;
#226 = PLANE ( 'NONE',  #413 ) ;
#227 = EDGE_CURVE ( 'NONE', #639, #955, #1422, .T. ) ;
#228 = EDGE_LOOP ( 'NONE', ( #737, #1125, #1295, #508 ) ) ;
#229 = DIRECTION ( 'NONE',  ( 1.000000000000000000, 0.000000000000000000, 0.000000000000000000 ) ) ;
#230 = VECTOR ( 'NONE', #745, 1000.000000000000000 ) ;
#231 = ORIENTED_EDGE ( 'NONE', *, *, #702, .F. ) ;
#232 = LINE ( 'NONE', #940, #1436 ) ;
#233 = CARTESIAN_POINT ( 'NONE',  ( 5.000000000000000000, -93.57738817457848768, 17.60517362824719001 ) ) ;
#234 = EDGE_CURVE ( 'NONE', #472, #569, #798, .T. ) ;
#235 = DIRECTION ( 'NONE',  ( 0.000000000000000000, -1.898747966482274254E-13, -1.000000000000000000 ) ) ;
#236 = CARTESIAN_POINT ( 'NONE',  ( 0.000000000000000000, -92.90258699999999692, 58.58770900000000381 ) ) ;
#237 = CIRCLE ( 'NONE', #1543, 1.600000000000004086 ) ;
#238 = EDGE_CURVE ( 'NONE', #1389, #259, #431, .T. ) ;
#239 =( NAMED_UNIT ( * ) SI_UNIT ( $, .STERADIAN. ) SOLID_ANGLE_UNIT ( ) );
#240 = CIRCLE ( 'NONE', #114, 2.049999999999999822 ) ;
#241 = ORIENTED_EDGE ( 'NONE', *, *, #1121, .T. ) ;
#242 = FACE_BOUND ( 'NONE', #613, .T. ) ;
#243 = ORIENTED_EDGE ( 'NONE', *, *, #1545, .F. ) ;
#244 = CARTESIAN_POINT ( 'NONE',  ( 5.000000000000000000, -110.3619612076726355, 21.57420056516754769 ) ) ;
#245 = DIRECTION ( 'NONE',  ( 1.000000000000000000, 0.000000000000000000, 0.000000000000000000 ) ) ;
#246 = ORIENTED_EDGE ( 'NONE', *, *, #408, .F. ) ;
#247 = VECTOR ( 'NONE', #342, 1000.000000000000000 ) ;
#248 = EDGE_CURVE ( 'NONE', #159, #878, #696, .T. ) ;
#249 = ORIENTED_EDGE ( 'NONE', *, *, #396, .F. ) ;
#250 = SURFACE_STYLE_USAGE ( .BOTH. , #712 ) ;
#251 = CARTESIAN_POINT ( 'NONE',  ( 5.000000000000000000, -93.90271057642999608, 36.65872562483699681 ) ) ;
#252 = DIRECTION ( 'NONE',  ( 0.000000000000000000, 0.000000000000000000, 1.000000000000000000 ) ) ;
#253 = EDGE_CURVE ( 'NONE', #69, #1520, #200, .T. ) ;
#254 = VERTEX_POINT ( 'NONE', #329 ) ;
#255 = CARTESIAN_POINT ( 'NONE',  ( 0.000000000000000000, -28.22778582542151327, 17.60517362824719001 ) ) ;
#256 = EDGE_LOOP ( 'NONE', ( #1278, #1113, #1246, #481 ) ) ;
#257 = DIRECTION ( 'NONE',  ( 1.000000000000000000, -0.000000000000000000, -0.000000000000000000 ) ) ;
#258 = EDGE_CURVE ( 'NONE', #943, #374, #1262, .T. ) ;
#259 = VERTEX_POINT ( 'NONE', #571 ) ;
#260 = VECTOR ( 'NONE', #881, 1000.000000000000000 ) ;
#261 = CARTESIAN_POINT ( 'NONE',  ( 0.000000000000000000, 0.000000000000000000, 1.516199999999999992 ) ) ;
#262 = ORIENTED_EDGE ( 'NONE', *, *, #11, .F. ) ;
#263 = DIRECTION ( 'NONE',  ( -1.000000000000000000, -0.000000000000000000, -0.000000000000000000 ) ) ;
#264 = AXIS2_PLACEMENT_3D ( 'NONE', #1164, #229, #600 ) ;
#265 = ORIENTED_EDGE ( 'NONE', *, *, #883, .T. ) ;
#266 = CARTESIAN_POINT ( 'NONE',  ( 5.000000000000000000, -28.25017325313843841, 28.25017325321175576 ) ) ;
#267 = PLANE ( 'NONE',  #85 ) ;
#268 = AXIS2_PLACEMENT_3D ( 'NONE', #833, #485, #942 ) ;
#269 = VECTOR ( 'NONE', #74, 1000.000000000000000 ) ;
#270 = CARTESIAN_POINT ( 'NONE',  ( 2.000000000000000000, -23.87207825316941978, 32.62826825316940926 ) ) ;
#271 = ORIENTED_EDGE ( 'NONE', *, *, #72, .F. ) ;
#272 = DIRECTION ( 'NONE',  ( 1.000000000000000000, 0.000000000000000000, 0.000000000000000000 ) ) ;
#273 = CARTESIAN_POINT ( 'NONE',  ( 5.000000000000000000, -87.25628796984491942, 2.186238673203500404 ) ) ;
#274 = SHAPE_DEFINITION_REPRESENTATION ( #1147, #817 ) ;
#275 = DIRECTION ( 'NONE',  ( 0.000000000000000000, 1.000000000000000000, 0.000000000000000000 ) ) ;
#276 = VECTOR ( 'NONE', #949, 1000.000000000000000 ) ;
#277 = ORIENTED_EDGE ( 'NONE', *, *, #1428, .F. ) ;
#278 = CARTESIAN_POINT ( 'NONE',  ( 15.00000000000000178, -60.90258700000000402, 23.98770899999999529 ) ) ;
#279 = PLANE ( 'NONE',  #426 ) ;
#280 = EDGE_CURVE ( 'NONE', #574, #713, #814, .T. ) ;
#281 = DIRECTION ( 'NONE',  ( 0.000000000000000000, 0.000000000000000000, 1.000000000000000000 ) ) ;
#282 = VECTOR ( 'NONE', #295, 1000.000000000000000 ) ;
#283 = DIRECTION ( 'NONE',  ( 1.000000000000000000, 0.000000000000000000, 0.000000000000000000 ) ) ;
#284 = EDGE_CURVE ( 'NONE', #455, #628, #403, .T. ) ;
#285 = ORIENTED_EDGE ( 'NONE', *, *, #672, .T. ) ;
#286 = FACE_OUTER_BOUND ( 'NONE', #899, .T. ) ;
#287 = FACE_OUTER_BOUND ( 'NONE', #583, .T. ) ;
#288 = ORIENTED_EDGE ( 'NONE', *, *, #470, .F. ) ;
#289 = AXIS2_PLACEMENT_3D ( 'NONE', #261, #904, #281 ) ;
#290 = PRODUCT_CONTEXT ( 'NONE', #1441, 'mechanical' ) ;
#291 = CARTESIAN_POINT ( 'NONE',  ( 5.905315672274833894, -59.71180531102166356, 90.96216245713159765 ) ) ;
#292 = ADVANCED_FACE ( 'NONE', ( #1522 ), #1289, .F. ) ;
#293 = EDGE_LOOP ( 'NONE', ( #866, #231 ) ) ;
#294 = CARTESIAN_POINT ( 'NONE',  ( 0.000000000000000000, -93.57738817457848768, 19.65517362824719427 ) ) ;
#295 = DIRECTION ( 'NONE',  ( 0.000000000000000000, 1.000000000000000000, 0.000000000000000000 ) ) ;
#296 = DIRECTION ( 'NONE',  ( -1.000000000000000000, -0.000000000000000000, -0.000000000000000000 ) ) ;
#297 = ORIENTED_EDGE ( 'NONE', *, *, #314, .F. ) ;
#298 = CARTESIAN_POINT ( 'NONE',  ( 0.000000000000000000, -28.22778582542151327, 72.82090287813920781 ) ) ;
#299 = EDGE_CURVE ( 'NONE', #136, #159, #1271, .T. ) ;
#300 = VERTEX_POINT ( 'NONE', #206 ) ;
#301 = DIRECTION ( 'NONE',  ( 0.000000000000000000, -1.000000000000000000, 1.184781401037995525E-13 ) ) ;
#302 = DIRECTION ( 'NONE',  ( 0.000000000000000000, 0.000000000000000000, -1.000000000000000000 ) ) ;
#303 = EDGE_CURVE ( 'NONE', #371, #1348, #680, .T. ) ;
#304 = VECTOR ( 'NONE', #275, 1000.000000000000000 ) ;
#305 = LINE ( 'NONE', #1136, #1267 ) ;
#306 = ORIENTED_EDGE ( 'NONE', *, *, #223, .T. ) ;
#307 = CARTESIAN_POINT ( 'NONE',  ( 2.000000000000000000, -28.90258700000000047, 56.98770899999999529 ) ) ;
#308 = ORIENTED_EDGE ( 'NONE', *, *, #51, .T. ) ;
#309 = DIRECTION ( 'NONE',  ( 1.000000000000000000, 0.000000000000000000, 0.000000000000000000 ) ) ;
#310 = DIRECTION ( 'NONE',  ( -1.000000000000000000, -0.000000000000000000, -0.000000000000000000 ) ) ;
#311 = CIRCLE ( 'NONE', #38, 1.600000000000004086 ) ;
#312 = AXIS2_PLACEMENT_3D ( 'NONE', #959, #10, #1549 ) ;
#313 = DIRECTION ( 'NONE',  ( 0.000000000000000000, 1.000000000000000000, -1.898747966482274254E-13 ) ) ;
#314 = EDGE_CURVE ( 'NONE', #1348, #1392, #93, .T. ) ;
#315 = ORIENTED_EDGE ( 'NONE', *, *, #738, .T. ) ;
#316 = LINE ( 'NONE', #418, #112 ) ;
#317 = ORIENTED_EDGE ( 'NONE', *, *, #1234, .T. ) ;
#318 = FACE_OUTER_BOUND ( 'NONE', #537, .T. ) ;
#319 = AXIS2_PLACEMENT_3D ( 'NONE', #925, #1279, #1402 ) ;
#320 = PRODUCT ( 'Pcb_chassis', 'Pcb_chassis', '', ( #1366 ) ) ;
#321 = CARTESIAN_POINT ( 'NONE',  ( 5.000000000000000000, -99.60258699999999976, 36.65877699999999351 ) ) ;
#322 = AXIS2_PLACEMENT_3D ( 'NONE', #166, #533, #512 ) ;
#323 = EDGE_CURVE ( 'NONE', #472, #442, #1033, .T. ) ;
#324 = DIRECTION ( 'NONE',  ( -1.000000000000000000, -0.000000000000000000, -0.000000000000000000 ) ) ;
#325 = ORIENTED_EDGE ( 'NONE', *, *, #314, .T. ) ;
#326 = DIRECTION ( 'NONE',  ( 1.000000000000000000, 0.000000000000000000, 0.000000000000000000 ) ) ;
#327 = ORIENTED_EDGE ( 'NONE', *, *, #1103, .F. ) ;
#328 = CYLINDRICAL_SURFACE ( 'NONE', #1276, 5.699876423816530036 ) ;
#329 = CARTESIAN_POINT ( 'NONE',  ( 0.000000000000000000, -110.3619612076726071, 71.57420056516757256 ) ) ;
#330 = CARTESIAN_POINT ( 'NONE',  ( 5.000000000000000000, -99.60258699999700127, 59.58770895503675291 ) ) ;
#331 = VERTEX_POINT ( 'NONE', #1135 ) ;
#332 = FACE_OUTER_BOUND ( 'NONE', #826, .T. ) ;
#333 = ADVANCED_FACE ( 'NONE', ( #1192, #966, #832, #1203, #609 ), #1070, .T. ) ;
#334 = EDGE_LOOP ( 'NONE', ( #1146, #16 ) ) ;
#335 = CARTESIAN_POINT ( 'NONE',  ( 5.000000000000000000, -23.87207825316941978, 32.62826825316940926 ) ) ;
#336 = VERTEX_POINT ( 'NONE', #1210 ) ;
#337 = DIRECTION ( 'NONE',  ( 0.000000000000000000, 0.000000000000000000, -1.000000000000000000 ) ) ;
#338 = DIRECTION ( 'NONE',  ( -1.000000000000000000, -0.000000000000000000, -0.000000000000000000 ) ) ;
#339 = ORIENTED_EDGE ( 'NONE', *, *, #1109, .F. ) ;
#340 = DIRECTION ( 'NONE',  ( -1.000000000000000000, -0.000000000000000000, -0.000000000000000000 ) ) ;
#341 = ORIENTED_EDGE ( 'NONE', *, *, #470, .T. ) ;
#342 = DIRECTION ( 'NONE',  ( 0.000000000000000000, -0.7660444431189770143, -0.6427876096865405842 ) ) ;
#343 = PRODUCT_DEFINITION ( 'UNKNOWN', '', #751, #862 ) ;
#344 = ORIENTED_EDGE ( 'NONE', *, *, #80, .F. ) ;
#345 = LINE ( 'NONE', #1304, #791 ) ;
#346 = LINE ( 'NONE', #128, #1244 ) ;
#347 = ORIENTED_EDGE ( 'NONE', *, *, #152, .T. ) ;
#348 = CARTESIAN_POINT ( 'NONE',  ( 2.000000000000000000, -93.90258695503759157, 65.28770900000297672 ) ) ;
#349 = ORIENTED_EDGE ( 'NONE', *, *, #985, .F. ) ;
#350 = EDGE_CURVE ( 'NONE', #254, #1511, #1445, .T. ) ;
#351 = FILL_AREA_STYLE_COLOUR ( '', #1076 ) ;
#352 = CIRCLE ( 'NONE', #910, 1.600000000000004086 ) ;
#353 = VERTEX_POINT ( 'NONE', #1095 ) ;
#354 = FACE_OUTER_BOUND ( 'NONE', #1043, .T. ) ;
#355 = CARTESIAN_POINT ( 'NONE',  ( 5.000000000000000000, 3.559467215288392407E-13, 12.38770899999866515 ) ) ;
#356 = EDGE_CURVE ( 'NONE', #711, #372, #100, .T. ) ;
#357 = CARTESIAN_POINT ( 'NONE',  ( 0.000000000000000000, -93.57738817457848768, 17.60517362824719001 ) ) ;
#358 = AXIS2_PLACEMENT_3D ( 'NONE', #1386, #310, #1411 ) ;
#359 = DIRECTION ( 'NONE',  ( 0.000000000000000000, 1.779203565104406479E-15, -1.000000000000000000 ) ) ;
#360 = VECTOR ( 'NONE', #1058, 1000.000000000000000 ) ;
#361 = ORIENTED_EDGE ( 'NONE', *, *, #1177, .T. ) ;
#362 = CYLINDRICAL_SURFACE ( 'NONE', #1261, 5.699876423817771709 ) ;
#363 = DIRECTION ( 'NONE',  ( 0.000000000000000000, 0.000000000000000000, -1.000000000000000000 ) ) ;
#364 = ORIENTED_EDGE ( 'NONE', *, *, #186, .F. ) ;
#365 = ADVANCED_FACE ( 'NONE', ( #483 ), #362, .F. ) ;
#366 = VECTOR ( 'NONE', #1075, 1000.000000000000000 ) ;
#367 = ORIENTED_EDGE ( 'NONE', *, *, #1307, .F. ) ;
#368 = DIRECTION ( 'NONE',  ( -1.000000000000000000, -0.000000000000000000, -0.000000000000000000 ) ) ;
#369 = CYLINDRICAL_SURFACE ( 'NONE', #108, 1.600000000000004086 ) ;
#370 = DIRECTION ( 'NONE',  ( 0.000000000000000000, -1.000000000000000000, 2.873386205059205420E-14 ) ) ;
#371 = VERTEX_POINT ( 'NONE', #849 ) ;
#372 = VERTEX_POINT ( 'NONE', #244 ) ;
#373 = CARTESIAN_POINT ( 'NONE',  ( 8.333650495653769141, -36.94630974544448776, 65.28770899999915400 ) ) ;
#374 = VERTEX_POINT ( 'NONE', #1313 ) ;
#375 = DIRECTION ( 'NONE',  ( 1.000000000000000000, 0.000000000000000000, 0.000000000000000000 ) ) ;
#376 = CARTESIAN_POINT ( 'NONE',  ( 2.000000000000000000, -93.90271057642999608, 36.65872562483699681 ) ) ;
#377 = VERTEX_POINT ( 'NONE', #1320 ) ;
#378 = PLANE ( 'NONE',  #1110 ) ;
#379 = ADVANCED_FACE ( 'NONE', ( #9 ), #840, .F. ) ;
#380 = ORIENTED_EDGE ( 'NONE', *, *, #1347, .T. ) ;
#381 = CYLINDRICAL_SURFACE ( 'NONE', #524, 1.600000000000004086 ) ;
#382 = DIRECTION ( 'NONE',  ( -1.000000000000000000, -0.000000000000000000, -0.000000000000000000 ) ) ;
#383 = VECTOR ( 'NONE', #972, 1000.000000000000000 ) ;
#384 = CIRCLE ( 'NONE', #1265, 5.699876423817769044 ) ;
#385 = ORIENTED_EDGE ( 'NONE', *, *, #1236, .F. ) ;
#386 = AXIS2_PLACEMENT_3D ( 'NONE', #1382, #792, #1519 ) ;
#387 = CARTESIAN_POINT ( 'NONE',  ( 5.000000000000000000, -28.25017325313843841, 28.25017325321175576 ) ) ;
#388 = VECTOR ( 'NONE', #1128, 1000.000000000000000 ) ;
#389 = EDGE_LOOP ( 'NONE', ( #526, #364, #1380, #498 ) ) ;
#390 = CARTESIAN_POINT ( 'NONE',  ( 5.000000000000000000, -28.22778582542151327, 72.82090287813920781 ) ) ;
#391 = CARTESIAN_POINT ( 'NONE',  ( 15.00000000000000178, -92.90258699999999692, 58.58770900000000381 ) ) ;
#392 = PRESENTATION_LAYER_ASSIGNMENT (  '', '', ( #476 ) ) ;
#393 =( LENGTH_UNIT ( ) NAMED_UNIT ( * ) SI_UNIT ( .MILLI., .METRE. ) );
#394 = AXIS2_PLACEMENT_3D ( 'NONE', #82, #301, #1028 ) ;
#395 = DIRECTION ( 'NONE',  ( 0.000000000000000000, 0.000000000000000000, -1.000000000000000000 ) ) ;
#396 = EDGE_CURVE ( 'NONE', #1301, #983, #731, .T. ) ;
#397 = ORIENTED_EDGE ( 'NONE', *, *, #1394, .F. ) ;
#398 = DIRECTION ( 'NONE',  ( 0.000000000000000000, -0.7071067811856299734, 0.7071067811874651721 ) ) ;
#399 = EDGE_CURVE ( 'NONE', #204, #331, #225, .T. ) ;
#400 = CARTESIAN_POINT ( 'NONE',  ( 15.00000000000000178, -92.90258699999999692, 60.18770900000000523 ) ) ;
#401 = EDGE_CURVE ( 'NONE', #1207, #126, #1385, .T. ) ;
#402 = DIRECTION ( 'NONE',  ( 0.000000000000000000, 0.000000000000000000, -1.000000000000000000 ) ) ;
#403 = CIRCLE ( 'NONE', #890, 2.050000000000006484 ) ;
#404 = ORIENTED_EDGE ( 'NONE', *, *, #754, .T. ) ;
#405 = DIRECTION ( 'NONE',  ( 0.000000000000000000, 0.7660444431189769032, 0.6427876096865408062 ) ) ;
#406 = DIRECTION ( 'NONE',  ( 0.000000000000000000, 0.000000000000000000, 1.000000000000000000 ) ) ;
#407 = EDGE_CURVE ( 'NONE', #915, #912, #1063, .T. ) ;
#408 = EDGE_CURVE ( 'NONE', #1525, #165, #747, .T. ) ;
#409 = SHAPE_DEFINITION_REPRESENTATION ( #677, #860 ) ;
#410 = DIRECTION ( 'NONE',  ( 0.000000000000000000, 0.000000000000000000, -1.000000000000000000 ) ) ;
#411 = ORIENTED_EDGE ( 'NONE', *, *, #527, .T. ) ;
#412 = LINE ( 'NONE', #813, #192 ) ;
#413 = AXIS2_PLACEMENT_3D ( 'NONE', #1421, #235, #1186 ) ;
#414 = DIRECTION ( 'NONE',  ( 0.000000000000000000, 0.000000000000000000, -1.000000000000000000 ) ) ;
#415 = CARTESIAN_POINT ( 'NONE',  ( 5.000000000000000000, -93.90258695503759157, 65.28770900000297672 ) ) ;
#416 = EDGE_CURVE ( 'NONE', #746, #169, #1175, .T. ) ;
#417 = ORIENTED_EDGE ( 'NONE', *, *, #522, .T. ) ;
#418 = CARTESIAN_POINT ( 'NONE',  ( 2.000000000000000000, -110.3619612076726071, 71.57420056516757256 ) ) ;
#419 = ADVANCED_FACE ( 'NONE', ( #586 ), #369, .F. ) ;
#420 = VERTEX_POINT ( 'NONE', #1059 ) ;
#421 = CARTESIAN_POINT ( 'NONE',  ( 5.000000000000000000, -93.57738817457847347, 70.77090287813922487 ) ) ;
#422 = ADVANCED_BREP_SHAPE_REPRESENTATION ( '', ( #758, #827 ), #62 ) ;
#423 = DIRECTION ( 'NONE',  ( 1.000000000000000000, -0.000000000000000000, -0.000000000000000000 ) ) ;
#424 = LINE ( 'NONE', #1491, #619 ) ;
#425 = ORIENTED_EDGE ( 'NONE', *, *, #591, .F. ) ;
#426 = AXIS2_PLACEMENT_3D ( 'NONE', #1485, #1351, #1489 ) ;
#427 = DIRECTION ( 'NONE',  ( -1.000000000000000000, -0.000000000000000000, -0.000000000000000000 ) ) ;
#428 = VERTEX_POINT ( 'NONE', #1328 ) ;
#429 = CARTESIAN_POINT ( 'NONE',  ( 5.000000000000000000, -88.19361116546521373, 65.28770900000189670 ) ) ;
#430 = EDGE_CURVE ( 'NONE', #1520, #943, #54, .T. ) ;
#431 = LINE ( 'NONE', #1395, #612 ) ;
#432 = VECTOR ( 'NONE', #263, 1000.000000000000000 ) ;
#433 = DIRECTION ( 'NONE',  ( 1.000000000000000000, -0.000000000000000000, -0.000000000000000000 ) ) ;
#434 = ORIENTED_EDGE ( 'NONE', *, *, #735, .T. ) ;
#435 = CARTESIAN_POINT ( 'NONE',  ( 5.825232877523351505, -58.52521566595974889, 90.96216245713161186 ) ) ;
#436 = ORIENTED_EDGE ( 'NONE', *, *, #447, .T. ) ;
#437 = CARTESIAN_POINT ( 'NONE',  ( 5.000000000000000000, -27.90255040541000042, 36.65876165389300212 ) ) ;
#438 = DIRECTION ( 'NONE',  ( -1.000000000000000000, -0.000000000000000000, -0.000000000000000000 ) ) ;
#439 = CIRCLE ( 'NONE', #1191, 2.049999999999996270 ) ;
#440 = AXIS2_PLACEMENT_3D ( 'NONE', #1413, #492, #457 ) ;
#441 = CYLINDRICAL_SURFACE ( 'NONE', #440, 5.699963405439864239 ) ;
#442 = VERTEX_POINT ( 'NONE', #1420 ) ;
#443 = DIRECTION ( 'NONE',  ( 0.000000000000000000, 0.000000000000000000, 1.000000000000000000 ) ) ;
#444 = ORIENTED_EDGE ( 'NONE', *, *, #854, .T. ) ;
#445 = FACE_OUTER_BOUND ( 'NONE', #800, .T. ) ;
#446 = VECTOR ( 'NONE', #1051, 1000.000000000000000 ) ;
#447 = EDGE_CURVE ( 'NONE', #1525, #912, #345, .T. ) ;
#448 = CARTESIAN_POINT ( 'NONE',  ( 2.000000000000000000, -60.90258700000000402, 23.98770899999999529 ) ) ;
#449 = DIRECTION ( 'NONE',  ( 1.000000000000000000, -0.000000000000000000, -0.000000000000000000 ) ) ;
#450 = ORIENTED_EDGE ( 'NONE', *, *, #927, .T. ) ;
#451 = ADVANCED_FACE ( 'NONE', ( #354 ), #865, .T. ) ;
#452 = CARTESIAN_POINT ( 'NONE',  ( 0.000000000000000000, -60.90258700000000402, 23.98770899999999529 ) ) ;
#453 = ORIENTED_EDGE ( 'NONE', *, *, #1419, .T. ) ;
#454 = PRESENTATION_STYLE_ASSIGNMENT (( #250 ) ) ;
#455 = VERTEX_POINT ( 'NONE', #894 ) ;
#456 = CYLINDRICAL_SURFACE ( 'NONE', #25, 1.600000000000004086 ) ;
#457 = DIRECTION ( 'NONE',  ( 0.000000000000000000, 0.000000000000000000, 1.000000000000000000 ) ) ;
#458 = ORIENTED_EDGE ( 'NONE', *, *, #1009, .T. ) ;
#459 = DIRECTION ( 'NONE',  ( 0.000000000000000000, 1.184781401037995525E-13, 1.000000000000000000 ) ) ;
#460 = ORIENTED_EDGE ( 'NONE', *, *, #1464, .T. ) ;
#461 = DIRECTION ( 'NONE',  ( 0.000000000000000000, -0.7660444431189769032, -0.6427876096865406952 ) ) ;
#462 = AXIS2_PLACEMENT_3D ( 'NONE', #705, #491, #117 ) ;
#463 = ORIENTED_EDGE ( 'NONE', *, *, #167, .T. ) ;
#464 = DIRECTION ( 'NONE',  ( 0.000000000000000000, 0.000000000000000000, -1.000000000000000000 ) ) ;
#465 = AXIS2_PLACEMENT_3D ( 'NONE', #631, #1000, #646 ) ;
#466 = LINE ( 'NONE', #1176, #997 ) ;
#467 = VECTOR ( 'NONE', #1285, 1000.000000000000000 ) ;
#468 = DIRECTION ( 'NONE',  ( -1.000000000000000000, -0.000000000000000000, -0.000000000000000000 ) ) ;
#469 = AXIS2_PLACEMENT_3D ( 'NONE', #709, #1172, #359 ) ;
#470 = EDGE_CURVE ( 'NONE', #943, #69, #1337, .T. ) ;
#471 = CARTESIAN_POINT ( 'NONE',  ( 5.000000000000000000, -27.90258704496380204, 65.28770899999800292 ) ) ;
#472 = VERTEX_POINT ( 'NONE', #768 ) ;
#473 = LINE ( 'NONE', #98, #190 ) ;
#474 = EDGE_CURVE ( 'NONE', #1511, #878, #651, .T. ) ;
#475 = CARTESIAN_POINT ( 'NONE',  ( 5.000000000000000000, -110.3619612076726497, 6.126319518777325047E-14 ) ) ;
#476 = STYLED_ITEM ( 'NONE', ( #454 ), #758 ) ;
#477 = DIRECTION ( 'NONE',  ( -1.000000000000000000, -0.000000000000000000, -0.000000000000000000 ) ) ;
#478 = AXIS2_PLACEMENT_3D ( 'NONE', #266, #398, #1477 ) ;
#479 = DIRECTION ( 'NONE',  ( 0.000000000000000000, 1.000000000000000000, -1.271719568248705033E-13 ) ) ;
#480 = CARTESIAN_POINT ( 'NONE',  ( 2.000000000000000000, -11.44321279232738142, 71.57420056516755835 ) ) ;
#481 = ORIENTED_EDGE ( 'NONE', *, *, #1103, .T. ) ;
#482 = CARTESIAN_POINT ( 'NONE',  ( 0.000000000000000000, -28.22778582542151327, 70.77090287813921066 ) ) ;
#483 = FACE_OUTER_BOUND ( 'NONE', #1199, .T. ) ;
#484 = ADVANCED_FACE ( 'NONE', ( #1483 ), #888, .F. ) ;
#485 = DIRECTION ( 'NONE',  ( -0.000000000000000000, 0.6427876096865404731, 0.7660444431189771253 ) ) ;
#486 = CARTESIAN_POINT ( 'NONE',  ( 2.000000000000000000, -28.90258700000000047, 60.18770900000000523 ) ) ;
#487 = DIRECTION ( 'NONE',  ( 1.000000000000000000, 0.000000000000000000, 0.000000000000000000 ) ) ;
#488 = VERTEX_POINT ( 'NONE', #624 ) ;
#489 = CARTESIAN_POINT ( 'NONE',  ( 5.000000000000000000, -80.84231769622000741, 96.34412254811232401 ) ) ;
#490 = ORIENTED_EDGE ( 'NONE', *, *, #587, .T. ) ;
#491 = DIRECTION ( 'NONE',  ( 1.000000000000000000, 0.000000000000000000, 0.000000000000000000 ) ) ;
#492 = DIRECTION ( 'NONE',  ( -1.000000000000000000, -0.000000000000000000, -0.000000000000000000 ) ) ;
#493 = AXIS2_PLACEMENT_3D ( 'NONE', #1013, #1008, #1370 ) ;
#494 = CARTESIAN_POINT ( 'NONE',  ( 15.00000000000000178, -60.90258700000000402, 25.58770900000000026 ) ) ;
#495 = EDGE_LOOP ( 'NONE', ( #592, #716, #243, #701 ) ) ;
#496 = UNCERTAINTY_MEASURE_WITH_UNIT (LENGTH_MEASURE( 1.000000000000000082E-05 ), #1078, 'distance_accuracy_value', 'NONE');
#497 = DIRECTION ( 'NONE',  ( 0.000000000000000000, -1.387778780781445429E-16, 1.000000000000000000 ) ) ;
#498 = ORIENTED_EDGE ( 'NONE', *, *, #1515, .T. ) ;
#499 = DIRECTION ( 'NONE',  ( -1.000000000000000000, -0.000000000000000000, -0.000000000000000000 ) ) ;
#500 = ORIENTED_EDGE ( 'NONE', *, *, #1065, .F. ) ;
#501 = ADVANCED_FACE ( 'NONE', ( #1126 ), #1461, .F. ) ;
#502 = ADVANCED_FACE ( 'NONE', ( #872 ), #1114, .F. ) ;
#503 = ORIENTED_EDGE ( 'NONE', *, *, #1177, .F. ) ;
#504 = DIRECTION ( 'NONE',  ( 0.000000000000000000, 0.000000000000000000, -1.000000000000000000 ) ) ;
#505 = ORIENTED_EDGE ( 'NONE', *, *, #1364, .F. ) ;
#506 = DIRECTION ( 'NONE',  ( -1.000000000000000000, -0.000000000000000000, -0.000000000000000000 ) ) ;
#507 = CARTESIAN_POINT ( 'NONE',  ( 5.000000000000000000, -60.90258700000000402, 64.58770899999998960 ) ) ;
#508 = ORIENTED_EDGE ( 'NONE', *, *, #1198, .F. ) ;
#509 = CARTESIAN_POINT ( 'NONE',  ( 2.000000000000000000, -60.90258700000000402, 25.58770900000000026 ) ) ;
#510 = AXIS2_PLACEMENT_3D ( 'NONE', #509, #283, #1481 ) ;
#511 = ORIENTED_EDGE ( 'NONE', *, *, #1074, .F. ) ;
#512 = DIRECTION ( 'NONE',  ( 0.000000000000000000, 0.000000000000000000, 1.000000000000000000 ) ) ;
#513 = LINE ( 'NONE', #150, #1163 ) ;
#514 = VECTOR ( 'NONE', #499, 1000.000000000000000 ) ;
#515 = EDGE_CURVE ( 'NONE', #1348, #1354, #384, .T. ) ;
#516 = CONTEXT_DEPENDENT_SHAPE_REPRESENTATION ( #1377, #697 ) ;
#517 = VECTOR ( 'NONE', #195, 1000.000000000000000 ) ;
#518 = CARTESIAN_POINT ( 'NONE',  ( 2.000000000000000000, -75.33151685153028154, 12.38770900000098507 ) ) ;
#519 = AXIS2_PLACEMENT_3D ( 'NONE', #961, #219, #835 ) ;
#520 = EDGE_LOOP ( 'NONE', ( #1187, #678, #347, #852 ) ) ;
#521 = PLANE ( 'NONE',  #478 ) ;
#522 = EDGE_CURVE ( 'NONE', #142, #829, #1120, .T. ) ;
#523 = LINE ( 'NONE', #1219, #710 ) ;
#524 = AXIS2_PLACEMENT_3D ( 'NONE', #773, #1341, #1454 ) ;
#525 = CARTESIAN_POINT ( 'NONE',  ( 15.00000000000000178, -28.90258700000000047, 60.18770900000000523 ) ) ;
#526 = ORIENTED_EDGE ( 'NONE', *, *, #718, .F. ) ;
#527 = EDGE_CURVE ( 'NONE', #178, #1171, #1361, .T. ) ;
#528 = CARTESIAN_POINT ( 'NONE',  ( 2.000000000000000000, -27.90255040541000042, 36.65876165389300212 ) ) ;
#529 = ADVANCED_FACE ( 'NONE', ( #44 ), #381, .F. ) ;
#530 = FACE_OUTER_BOUND ( 'NONE', #520, .T. ) ;
#531 = CARTESIAN_POINT ( 'NONE',  ( 5.000000000000000000, -60.90258700000000402, 91.88770900000017150 ) ) ;
#532 = EDGE_LOOP ( 'NONE', ( #903, #1417 ) ) ;
#533 = DIRECTION ( 'NONE',  ( -1.000000000000000000, -0.000000000000000000, -0.000000000000000000 ) ) ;
#534 = ADVANCED_FACE ( 'NONE', ( #286 ), #521, .T. ) ;
#535 = LINE ( 'NONE', #45, #282 ) ;
#536 = DIRECTION ( 'NONE',  ( 1.000000000000000000, 0.000000000000000000, 0.000000000000000000 ) ) ;
#537 = EDGE_LOOP ( 'NONE', ( #1094, #450, #249, #361 ) ) ;
#538 = AXIS2_PLACEMENT_3D ( 'NONE', #823, #1297, #127 ) ;
#539 = EDGE_CURVE ( 'NONE', #1372, #1425, #1350, .T. ) ;
#540 = FACE_OUTER_BOUND ( 'NONE', #1503, .T. ) ;
#541 = VERTEX_POINT ( 'NONE', #1107 ) ;
#542 = CARTESIAN_POINT ( 'NONE',  ( 5.000000000000000000, -93.57738817457847347, 72.82090287813922203 ) ) ;
#543 = CIRCLE ( 'NONE', #1343, 5.699999678836997319 ) ;
#544 = CARTESIAN_POINT ( 'NONE',  ( 5.000000000000000000, -46.47365500000000083, 12.38770900000000097 ) ) ;
#545 = CARTESIAN_POINT ( 'NONE',  ( 5.925546542868564082, -60.90258700000000402, 90.96216245713159765 ) ) ;
#546 = EDGE_LOOP ( 'NONE', ( #277, #133, #1015, #175 ) ) ;
#547 = AXIS2_PLACEMENT_3D ( 'NONE', #1330, #1130, #635 ) ;
#548 = DIRECTION ( 'NONE',  ( 0.000000000000000000, 0.000000000000000000, -1.000000000000000000 ) ) ;
#549 = ADVANCED_FACE ( 'NONE', ( #1247 ), #1240, .T. ) ;
#550 = AXIS2_PLACEMENT_3D ( 'NONE', #390, #272, #762 ) ;
#551 = ORIENTED_EDGE ( 'NONE', *, *, #685, .F. ) ;
#552 = LINE ( 'NONE', #1504, #247 ) ;
#553 = DIRECTION ( 'NONE',  ( 0.000000000000000000, 1.000000000000000000, 0.000000000000000000 ) ) ;
#554 = DIRECTION ( 'NONE',  ( 0.000000000000000000, 1.000000000000000000, -1.271719568248705033E-13 ) ) ;
#555 = ORIENTED_EDGE ( 'NONE', *, *, #186, .T. ) ;
#556 = VECTOR ( 'NONE', #84, 1000.000000000000000 ) ;
#557 = EDGE_CURVE ( 'NONE', #983, #960, #1424, .T. ) ;
#558 = LINE ( 'NONE', #1243, #1116 ) ;
#559 = ORIENTED_EDGE ( 'NONE', *, *, #982, .F. ) ;
#560 = DIRECTION ( 'NONE',  ( 1.000000000000000000, -0.000000000000000000, -0.000000000000000000 ) ) ;
#561 = AXIS2_PLACEMENT_3D ( 'NONE', #788, #671, #1039 ) ;
#562 = CARTESIAN_POINT ( 'NONE',  ( 2.000000000000000000, -87.25628796984491942, 2.186238673203500404 ) ) ;
#563 = CIRCLE ( 'NONE', #917, 1.600000000000004086 ) ;
#564 = CARTESIAN_POINT ( 'NONE',  ( 0.000000000000000000, -11.44321279232737076, -1.588064789715871963E-15 ) ) ;
#565 = ORIENTED_EDGE ( 'NONE', *, *, #125, .F. ) ;
#566 = DIRECTION ( 'NONE',  ( 0.000000000000000000, 0.000000000000000000, -1.000000000000000000 ) ) ;
#567 = EDGE_CURVE ( 'NONE', #488, #1032, #1003, .T. ) ;
#568 = AXIS2_PLACEMENT_3D ( 'NONE', #357, #974, #252 ) ;
#569 = VERTEX_POINT ( 'NONE', #1231 ) ;
#570 = DIRECTION ( 'NONE',  ( -1.000000000000000000, -0.000000000000000000, -0.000000000000000000 ) ) ;
#571 = CARTESIAN_POINT ( 'NONE',  ( 5.000000000000000000, -34.54888603015508863, 90.96216245713159765 ) ) ;
#572 = ADVANCED_FACE ( 'NONE', ( #156 ), #900, .F. ) ;
#573 = CARTESIAN_POINT ( 'NONE',  ( 2.000000000000000000, -28.90258700000000047, 58.58770900000000381 ) ) ;
#574 = VERTEX_POINT ( 'NONE', #429 ) ;
#575 = CARTESIAN_POINT ( 'NONE',  ( 5.925546542868559641, -63.28690599619189783, 90.96216245713159765 ) ) ;
#576 = ORIENTED_EDGE ( 'NONE', *, *, #672, .F. ) ;
#577 = FACE_BOUND ( 'NONE', #532, .T. ) ;
#578 = CARTESIAN_POINT ( 'NONE',  ( 0.000000000000000000, -93.57738817457847347, 74.87090287813921918 ) ) ;
#579 = DIRECTION ( 'NONE',  ( 0.000000000000000000, 0.000000000000000000, -1.000000000000000000 ) ) ;
#580 = ADVANCED_FACE ( 'NONE', ( #445 ), #328, .F. ) ;
#581 = ORIENTED_EDGE ( 'NONE', *, *, #1479, .F. ) ;
#582 = CARTESIAN_POINT ( 'NONE',  ( 5.000000000000000000, -67.95086372822285625, 90.96216245713159765 ) ) ;
#583 = EDGE_LOOP ( 'NONE', ( #325, #129, #1006, #212 ) ) ;
#584 = CARTESIAN_POINT ( 'NONE',  ( 0.000000000000000000, -92.90258699999999692, 56.98770899999999529 ) ) ;
#585 = ORIENTED_EDGE ( 'NONE', *, *, #258, .F. ) ;
#586 = FACE_OUTER_BOUND ( 'NONE', #618, .T. ) ;
#587 = EDGE_CURVE ( 'NONE', #569, #915, #679, .T. ) ;
#588 = CARTESIAN_POINT ( 'NONE',  ( 0.000000000000000000, -28.90258700000000047, 58.58770900000000381 ) ) ;
#589 = ORIENTED_EDGE ( 'NONE', *, *, #946, .T. ) ;
#590 = LINE ( 'NONE', #1300, #366 ) ;
#591 = EDGE_CURVE ( 'NONE', #372, #1511, #56, .T. ) ;
#592 = ORIENTED_EDGE ( 'NONE', *, *, #396, .T. ) ;
#593 = FACE_BOUND ( 'NONE', #1230, .T. ) ;
#594 = CARTESIAN_POINT ( 'NONE',  ( 15.00000000000000178, -60.90258700000000402, 64.58770899999998960 ) ) ;
#595 = VECTOR ( 'NONE', #506, 1000.000000000000000 ) ;
#596 = CARTESIAN_POINT ( 'NONE',  ( 15.00000000000000178, -60.90258700000000402, 77.98770899999999529 ) ) ;
#597 = AXIS2_PLACEMENT_3D ( 'NONE', #1258, #1250, #1017 ) ;
#598 = FACE_OUTER_BOUND ( 'NONE', #623, .T. ) ;
#599 = CIRCLE ( 'NONE', #1096, 1.600000000000004086 ) ;
#600 = DIRECTION ( 'NONE',  ( 0.000000000000000000, 0.000000000000000000, -1.000000000000000000 ) ) ;
#601 = EDGE_LOOP ( 'NONE', ( #1183, #285, #1287, #385 ) ) ;
#602 = CARTESIAN_POINT ( 'NONE',  ( 0.000000000000000000, 30.51535394397147627, 36.36678269201178182 ) ) ;
#603 = MECHANICAL_DESIGN_GEOMETRIC_PRESENTATION_REPRESENTATION (  '', ( #476 ), #1551 ) ;
#604 = PLANE ( 'NONE',  #976 ) ;
#605 = ORIENTED_EDGE ( 'NONE', *, *, #754, .F. ) ;
#606 = DIRECTION ( 'NONE',  ( 0.000000000000000000, 0.000000000000000000, 1.000000000000000000 ) ) ;
#607 = ORIENTED_EDGE ( 'NONE', *, *, #1185, .T. ) ;
#608 = ORIENTED_EDGE ( 'NONE', *, *, #1218, .F. ) ;
#609 = FACE_OUTER_BOUND ( 'NONE', #990, .T. ) ;
#610 = PLANE ( 'NONE',  #268 ) ;
#611 = ORIENTED_EDGE ( 'NONE', *, *, #1080, .F. ) ;
#612 = VECTOR ( 'NONE', #553, 1000.000000000000000 ) ;
#613 = EDGE_LOOP ( 'NONE', ( #1106, #148 ) ) ;
#614 = CARTESIAN_POINT ( 'NONE',  ( 2.000000000000000000, -93.90258732116001283, 59.58770932116600250 ) ) ;
#615 = VERTEX_POINT ( 'NONE', #421 ) ;
#616 = DIRECTION ( 'NONE',  ( 0.000000000000000000, -5.551115123125781716E-16, -1.000000000000000000 ) ) ;
#617 = EDGE_CURVE ( 'NONE', #300, #755, #1148, .T. ) ;
#618 = EDGE_LOOP ( 'NONE', ( #21, #1158, #782, #1331 ) ) ;
#619 = VECTOR ( 'NONE', #313, 1000.000000000000000 ) ;
#620 = CARTESIAN_POINT ( 'NONE',  ( 0.000000000000000000, 0.000000000000000000, 0.000000000000000000 ) ) ;
#621 = ORIENTED_EDGE ( 'NONE', *, *, #617, .F. ) ;
#622 = CARTESIAN_POINT ( 'NONE',  ( 15.00000000000000178, -43.61675465093448167, 65.28770899999999244 ) ) ;
#623 = EDGE_LOOP ( 'NONE', ( #1269, #1048, #608, #749, #1434 ) ) ;
#624 = CARTESIAN_POINT ( 'NONE',  ( 5.000000000000000000, -28.22778582542151327, 70.77090287813921066 ) ) ;
#625 = CARTESIAN_POINT ( 'NONE',  ( 5.000000000000000000, -93.57738817457848768, 17.60517362824719001 ) ) ;
#626 = EDGE_CURVE ( 'NONE', #442, #924, #412, .T. ) ;
#627 = DIRECTION ( 'NONE',  ( 1.000000000000000000, 0.000000000000000000, 0.000000000000000000 ) ) ;
#628 = VERTEX_POINT ( 'NONE', #1393 ) ;
#629 = DIRECTION ( 'NONE',  ( 0.000000000000000000, 0.7071067811874651721, 0.7071067811856299734 ) ) ;
#630 = ORIENTED_EDGE ( 'NONE', *, *, #1074, .T. ) ;
#631 = CARTESIAN_POINT ( 'NONE',  ( 5.000000000000000000, -93.90258732116001283, 59.58770932116600250 ) ) ;
#632 = AXIS2_PLACEMENT_3D ( 'NONE', #625, #1102, #1115 ) ;
#633 = DIRECTION ( 'NONE',  ( -1.000000000000000000, -0.000000000000000000, -0.000000000000000000 ) ) ;
#634 = EDGE_CURVE ( 'NONE', #259, #639, #1044, .T. ) ;
#635 = DIRECTION ( 'NONE',  ( 1.000000000000000000, 0.000000000000000000, 0.000000000000000000 ) ) ;
#636 = CYLINDRICAL_SURFACE ( 'NONE', #386, 2.049999999999999822 ) ;
#637 = ADVANCED_FACE ( 'NONE', ( #318 ), #669, .T. ) ;
#638 = VECTOR ( 'NONE', #132, 1000.000000000000000 ) ;
#639 = VERTEX_POINT ( 'NONE', #1133 ) ;
#640 = CARTESIAN_POINT ( 'NONE',  ( 2.000000000000000000, 0.000000000000000000, 0.000000000000000000 ) ) ;
#641 = PLANE ( 'NONE',  #493 ) ;
#642 = CIRCLE ( 'NONE', #1362, 5.699876423817769044 ) ;
#643 = CARTESIAN_POINT ( 'NONE',  ( 2.000000000000000000, -42.44314119899100746, 14.05720530741723806 ) ) ;
#644 = CIRCLE ( 'NONE', #312, 13.40000000000000213 ) ;
#645 = ORIENTED_EDGE ( 'NONE', *, *, #72, .T. ) ;
#646 = DIRECTION ( 'NONE',  ( 0.000000000000000000, 0.000000000000000000, 1.000000000000000000 ) ) ;
#647 = LINE ( 'NONE', #400, #1030 ) ;
#648 =( NAMED_UNIT ( * ) SI_UNIT ( $, .STERADIAN. ) SOLID_ANGLE_UNIT ( ) );
#649 = DIRECTION ( 'NONE',  ( 0.000000000000000000, 0.7071067811855633600, -0.7071067811875316744 ) ) ;
#650 = ORIENTED_EDGE ( 'NONE', *, *, #223, .F. ) ;
#651 = LINE ( 'NONE', #1215, #875 ) ;
#652 = CARTESIAN_POINT ( 'NONE',  ( 15.00000000000000178, -78.18841934906552638, 65.28770899999999244 ) ) ;
#653 = DIRECTION ( 'NONE',  ( -1.000000000000000000, -0.000000000000000000, -0.000000000000000000 ) ) ;
#654 = ORIENTED_EDGE ( 'NONE', *, *, #238, .F. ) ;
#655 = APPLICATION_PROTOCOL_DEFINITION ( 'draft international standard', 'automotive_design', 1998, #1441 ) ;
#656 = DIRECTION ( 'NONE',  ( 1.000000000000000000, 0.000000000000000000, 0.000000000000000000 ) ) ;
#657 = VERTEX_POINT ( 'NONE', #934 ) ;
#658 = CARTESIAN_POINT ( 'NONE',  ( 2.000000000000000000, 0.000000000000000000, 2.186238673203500404 ) ) ;
#659 = CARTESIAN_POINT ( 'NONE',  ( 5.000000000000000000, -11.44321279232737076, -1.588064789715871963E-15 ) ) ;
#660 = DIRECTION ( 'NONE',  ( 0.000000000000000000, -0.7660444431189770143, -0.6427876096865405842 ) ) ;
#661 = ADVANCED_FACE ( 'NONE', ( #1288 ), #804, .T. ) ;
#662 = ORIENTED_EDGE ( 'NONE', *, *, #430, .F. ) ;
#663 = AXIS2_PLACEMENT_3D ( 'NONE', #594, #1538, #464 ) ;
#664 = APPLICATION_PROTOCOL_DEFINITION ( 'draft international standard', 'automotive_design', 1998, #138 ) ;
#665 = LINE ( 'NONE', #1140, #182 ) ;
#666 = AXIS2_PLACEMENT_3D ( 'NONE', #1355, #31, #405 ) ;
#667 = AXIS2_PLACEMENT_3D ( 'NONE', #913, #1268, #548 ) ;
#668 = ORIENTED_EDGE ( 'NONE', *, *, #1282, .T. ) ;
#669 = PLANE ( 'NONE',  #394 ) ;
#670 = CIRCLE ( 'NONE', #469, 27.30000000000017124 ) ;
#671 = DIRECTION ( 'NONE',  ( 1.000000000000000000, 0.000000000000000000, 0.000000000000000000 ) ) ;
#672 = EDGE_CURVE ( 'NONE', #628, #1207, #1270, .T. ) ;
#673 = CARTESIAN_POINT ( 'NONE',  ( 2.000000000000000000, -60.90258700000000402, 27.18770900000000523 ) ) ;
#674 = ORIENTED_EDGE ( 'NONE', *, *, #1419, .F. ) ;
#675 = CIRCLE ( 'NONE', #1143, 1.600000000000004086 ) ;
#676 = CARTESIAN_POINT ( 'NONE',  ( 15.00000000000000178, -28.90258700000000047, 56.98770899999999529 ) ) ;
#677 = PRODUCT_DEFINITION_SHAPE ( 'NONE', 'NONE',  #343 ) ;
#678 = ORIENTED_EDGE ( 'NONE', *, *, #1189, .T. ) ;
#679 = LINE ( 'NONE', #1151, #957 ) ;
#680 = LINE ( 'NONE', #1167, #1433 ) ;
#681 = CARTESIAN_POINT ( 'NONE',  ( 5.000000000000000000, -28.22778582542151327, 19.65517362824718717 ) ) ;
#682 = ADVANCED_FACE ( 'NONE', ( #1012 ), #1512, .F. ) ;
#683 = EDGE_LOOP ( 'NONE', ( #155, #367, #102, #880, #1408, #565, #262, #611, #1365, #1447, #650, #1097, #1050, #55 ) ) ;
#684 = LINE ( 'NONE', #531, #876 ) ;
#685 = EDGE_CURVE ( 'NONE', #1554, #734, #1122, .T. ) ;
#686 = ORIENTED_EDGE ( 'NONE', *, *, #407, .T. ) ;
#687 = CARTESIAN_POINT ( 'NONE',  ( 5.000000000000000000, -28.22778582542151327, 17.60517362824719001 ) ) ;
#688 = DIRECTION ( 'NONE',  ( -1.000000000000000000, -0.000000000000000000, -0.000000000000000000 ) ) ;
#689 = DIRECTION ( 'NONE',  ( 0.000000000000000000, 0.000000000000000000, 1.000000000000000000 ) ) ;
#690 = ORIENTED_EDGE ( 'NONE', *, *, #1198, .T. ) ;
#691 = CARTESIAN_POINT ( 'NONE',  ( 5.000000000000000000, -78.18841934906552638, 65.28770899999999244 ) ) ;
#692 = CLOSED_SHELL ( 'NONE', ( #529, #6, #196, #968, #1134, #1333, #1093, #661, #572, #333, #123, #1471, #707, #68, #867, #83, #1117, #502, #787, #292, #637, #682, #534, #580, #1500, #1399, #1510, #365, #163, #501, #1524, #549, #24, #914, #1534, #451, #1255, #1251, #379, #484, #1055, #839, #1088, #419, #121 ) ) ;
#693 = EDGE_LOOP ( 'NONE', ( #1057, #1401, #645, #607, #772, #1035, #315 ) ) ;
#694 = CARTESIAN_POINT ( 'NONE',  ( 5.000000000000000000, 30.51535394397147627, 36.36678269201178182 ) ) ;
#695 = EDGE_CURVE ( 'NONE', #615, #1431, #1475, .T. ) ;
#696 = LINE ( 'NONE', #562, #1484 ) ;
#697 = PRODUCT_DEFINITION_SHAPE ( 'NONE', 'NONE',  #1556 ) ;
#698 = CARTESIAN_POINT ( 'NONE',  ( 2.000000000000000000, -60.90258700000000402, 64.58770899999998960 ) ) ;
#699 = ORIENTED_EDGE ( 'NONE', *, *, #1196, .T. ) ;
#700 = LINE ( 'NONE', #691, #1045 ) ;
#701 = ORIENTED_EDGE ( 'NONE', *, *, #975, .T. ) ;
#702 = EDGE_CURVE ( 'NONE', #1239, #428, #931, .T. ) ;
#703 = CARTESIAN_POINT ( 'NONE',  ( 0.000000000000000000, 0.000000000000000000, 0.000000000000000000 ) ) ;
#704 = EDGE_LOOP ( 'NONE', ( #1527, #500 ) ) ;
#705 = CARTESIAN_POINT ( 'NONE',  ( 5.000000000000000000, -75.33153434609999977, 18.08767240541400056 ) ) ;
#706 = LINE ( 'NONE', #1322, #92 ) ;
#707 = ADVANCED_FACE ( 'NONE', ( #778 ), #1253, .T. ) ;
#708 = ORIENTED_EDGE ( 'NONE', *, *, #474, .T. ) ;
#709 = CARTESIAN_POINT ( 'NONE',  ( 5.000000000000000000, -60.90258700000000402, 64.58770899999998960 ) ) ;
#710 = VECTOR ( 'NONE', #889, 1000.000000000000000 ) ;
#711 = VERTEX_POINT ( 'NONE', #1260 ) ;
#712 = SURFACE_SIDE_STYLE ('',( #1327 ) ) ;
#713 = VERTEX_POINT ( 'NONE', #64 ) ;
#714 = DIRECTION ( 'NONE',  ( 0.000000000000000000, 0.000000000000000000, -1.000000000000000000 ) ) ;
#715 = CARTESIAN_POINT ( 'NONE',  ( 2.000000000000000000, -78.18841934906552638, 65.28770899999999244 ) ) ;
#716 = ORIENTED_EDGE ( 'NONE', *, *, #557, .T. ) ;
#717 = VECTOR ( 'NONE', #629, 1000.000000000000000 ) ;
#718 = EDGE_CURVE ( 'NONE', #185, #869, #552, .T. ) ;
#719 = DIRECTION ( 'NONE',  ( 0.000000000000000000, 0.000000000000000000, -1.000000000000000000 ) ) ;
#720 = ORIENTED_EDGE ( 'NONE', *, *, #474, .F. ) ;
#721 = PLANE ( 'NONE',  #786 ) ;
#722 = CIRCLE ( 'NONE', #34, 27.30000000000017124 ) ;
#723 = CARTESIAN_POINT ( 'NONE',  ( 0.000000000000000000, -28.22778582542151327, 72.82090287813920781 ) ) ;
#724 = FACE_OUTER_BOUND ( 'NONE', #1317, .T. ) ;
#725 = VECTOR ( 'NONE', #427, 1000.000000000000000 ) ;
#726 = ORIENTED_EDGE ( 'NONE', *, *, #227, .T. ) ;
#727 = EDGE_CURVE ( 'NONE', #1249, #1098, #473, .T. ) ;
#728 = CONICAL_SURFACE ( 'NONE', #824, 27.30000000000017124, 0.7853981633974533860 ) ;
#729 = VERTEX_POINT ( 'NONE', #116 ) ;
#730 = CARTESIAN_POINT ( 'NONE',  ( 0.000000000000000000, -28.22778582542151327, 70.77090287813921066 ) ) ;
#731 = LINE ( 'NONE', #740, #514 ) ;
#732 = AXIS2_PLACEMENT_3D ( 'NONE', #437, #1376, #1521 ) ;
#733 = CARTESIAN_POINT ( 'NONE',  ( 5.000000000000000000, -32.65241374694104337, -32.65241374685015074 ) ) ;
#734 = VERTEX_POINT ( 'NONE', #482 ) ;
#735 = EDGE_CURVE ( 'NONE', #204, #1100, #1346, .T. ) ;
#736 = B_SPLINE_CURVE_WITH_KNOTS ( 'NONE', 3,
 ( #1367, #1131, #291, #435, #170, #1501, #61, #53 ),
 .UNSPECIFIED., .F., .F.,
 ( 4, 2, 2, 4 ),
 ( 0.007107641533892349213, 0.008876845816474245379, 0.01064605009905614068, 0.01418445866421993301 ),
 .UNSPECIFIED. ) ;
#737 = ORIENTED_EDGE ( 'NONE', *, *, #1347, .F. ) ;
#738 = EDGE_CURVE ( 'NONE', #259, #746, #1528, .T. ) ;
#739 = ORIENTED_EDGE ( 'NONE', *, *, #356, .T. ) ;
#740 = CARTESIAN_POINT ( 'NONE',  ( 5.000000000000000000, -22.20258700000271546, 36.65877914847070684 ) ) ;
#741 = APPLICATION_CONTEXT ( 'automotive_design' ) ;
#742 = VERTEX_POINT ( 'NONE', #335 ) ;
#743 =( NAMED_UNIT ( * ) PLANE_ANGLE_UNIT ( ) SI_UNIT ( $, .RADIAN. ) );
#744 = ORIENTED_EDGE ( 'NONE', *, *, #1185, .F. ) ;
#745 = DIRECTION ( 'NONE',  ( 0.000000000000000000, -1.184781401037995525E-13, -1.000000000000000000 ) ) ;
#746 = VERTEX_POINT ( 'NONE', #821 ) ;
#747 = CIRCLE ( 'NONE', #462, 5.699963405439862463 ) ;
#748 = DIRECTION ( 'NONE',  ( 0.000000000000000000, 0.000000000000000000, -1.000000000000000000 ) ) ;
#749 = ORIENTED_EDGE ( 'NONE', *, *, #992, .T. ) ;
#750 = AXIS2_PLACEMENT_3D ( 'NONE', #1506, #433, #799 ) ;
#751 = PRODUCT_DEFINITION_FORMATION_WITH_SPECIFIED_SOURCE ( 'ANY', '', #1275, .NOT_KNOWN. ) ;
#752 = ORIENTED_EDGE ( 'NONE', *, *, #695, .T. ) ;
#753 = LINE ( 'NONE', #35, #638 ) ;
#754 = EDGE_CURVE ( 'NONE', #377, #5, #1001, .T. ) ;
#755 = VERTEX_POINT ( 'NONE', #584 ) ;
#756 = CARTESIAN_POINT ( 'NONE',  ( 15.00000000000000178, -60.90258700000000402, 64.58770899999998960 ) ) ;
#757 = CARTESIAN_POINT ( 'NONE',  ( 0.000000000000000000, -28.22778582542151327, 17.60517362824719001 ) ) ;
#758 = MANIFOLD_SOLID_BREP ( 'Cut-Extrude2', #692 ) ;
#759 = EDGE_CURVE ( 'NONE', #374, #1532, #802, .T. ) ;
#760 = DIRECTION ( 'NONE',  ( -1.000000000000000000, -0.000000000000000000, -0.000000000000000000 ) ) ;
#761 = ORIENTED_EDGE ( 'NONE', *, *, #234, .F. ) ;
#762 = DIRECTION ( 'NONE',  ( 0.000000000000000000, 0.000000000000000000, -1.000000000000000000 ) ) ;
#763 = DIRECTION ( 'NONE',  ( 0.000000000000000000, 1.000000000000000000, -1.313397396878841866E-13 ) ) ;
#764 = AXIS2_PLACEMENT_3D ( 'NONE', #1160, #780, #173 ) ;
#765 = DIRECTION ( 'NONE',  ( 1.000000000000000000, 0.000000000000000000, 0.000000000000000000 ) ) ;
#766 = AXIS2_PLACEMENT_3D ( 'NONE', #255, #1229, #402 ) ;
#767 = ORIENTED_EDGE ( 'NONE', *, *, #253, .F. ) ;
#768 = CARTESIAN_POINT ( 'NONE',  ( 5.000000000000000000, -46.47365500000000083, 12.38770900000000097 ) ) ;
#769 = CARTESIAN_POINT ( 'NONE',  ( 11.66716734383360432, -81.52398363011080562, 65.28770900000063193 ) ) ;
#770 = AXIS2_PLACEMENT_3D ( 'NONE', #236, #1195, #414 ) ;
#771 = CYLINDRICAL_SURFACE ( 'NONE', #766, 2.049999999999999822 ) ;
#772 = ORIENTED_EDGE ( 'NONE', *, *, #985, .T. ) ;
#773 = CARTESIAN_POINT ( 'NONE',  ( 15.00000000000000178, -92.90258699999999692, 58.58770900000000381 ) ) ;
#774 = PLANE ( 'NONE',  #1430 ) ;
#775 = ORIENTED_EDGE ( 'NONE', *, *, #234, .T. ) ;
#776 = DIRECTION ( 'NONE',  ( 0.000000000000000000, -1.000000000000000000, 1.271719568248705033E-13 ) ) ;
#777 = ORIENTED_EDGE ( 'NONE', *, *, #982, .T. ) ;
#778 = FACE_OUTER_BOUND ( 'NONE', #859, .T. ) ;
#779 = EDGE_CURVE ( 'NONE', #1410, #1239, #232, .T. ) ;
#780 = DIRECTION ( 'NONE',  ( 1.000000000000000000, 0.000000000000000000, 0.000000000000000000 ) ) ;
#781 = CARTESIAN_POINT ( 'NONE',  ( 5.000000000000000000, -97.93309069259112221, 32.62826319898164940 ) ) ;
#782 = ORIENTED_EDGE ( 'NONE', *, *, #727, .T. ) ;
#783 = DIRECTION ( 'NONE',  ( 1.000000000000000000, -0.000000000000000000, -0.000000000000000000 ) ) ;
#784 = ORIENTED_EDGE ( 'NONE', *, *, #1479, .T. ) ;
#785 = DIRECTION ( 'NONE',  ( 0.000000000000000000, 0.000000000000000000, -1.000000000000000000 ) ) ;
#786 = AXIS2_PLACEMENT_3D ( 'NONE', #703, #1174, #210 ) ;
#787 = ADVANCED_FACE ( 'NONE', ( #1311, #1409, #1085, #1181, #593, #242, #577, #1547 ), #721, .F. ) ;
#788 = CARTESIAN_POINT ( 'NONE',  ( 15.00000000000000178, -60.90258700000000402, 64.58770899999998960 ) ) ;
#789 = LINE ( 'NONE', #415, #209 ) ;
#790 = ORIENTED_EDGE ( 'NONE', *, *, #11, .T. ) ;
#791 = VECTOR ( 'NONE', #1427, 1000.000000000000000 ) ;
#792 = DIRECTION ( 'NONE',  ( 1.000000000000000000, -0.000000000000000000, -0.000000000000000000 ) ) ;
#793 = CIRCLE ( 'NONE', #667, 2.049999999999996270 ) ;
#794 = ORIENTED_EDGE ( 'NONE', *, *, #141, .F. ) ;
#795 = DIRECTION ( 'NONE',  ( 0.000000000000000000, 0.000000000000000000, -1.000000000000000000 ) ) ;
#796 = AXIS2_PLACEMENT_3D ( 'NONE', #1423, #945, #844 ) ;
#797 = EDGE_CURVE ( 'NONE', #734, #488, #847, .T. ) ;
#798 = LINE ( 'NONE', #544, #3 ) ;
#799 = DIRECTION ( 'NONE',  ( 0.000000000000000000, 0.000000000000000000, -1.000000000000000000 ) ) ;
#800 = EDGE_LOOP ( 'NONE', ( #1492, #306, #761, #1546 ) ) ;
#801 = EDGE_CURVE ( 'NONE', #142, #711, #1536, .T. ) ;
#802 = CIRCLE ( 'NONE', #120, 17.29999999999999716 ) ;
#803 = LINE ( 'NONE', #1486, #517 ) ;
#804 = CONICAL_SURFACE ( 'NONE', #122, 27.30000000000017124, 0.7853981633974533860 ) ;
#805 = VERTEX_POINT ( 'NONE', #830 ) ;
#806 = CARTESIAN_POINT ( 'NONE',  ( 5.000000000000000000, -60.90258700000000402, 64.58770899999998960 ) ) ;
#807 = FACE_OUTER_BOUND ( 'NONE', #1011, .T. ) ;
#808 = CYLINDRICAL_SURFACE ( 'NONE', #750, 2.050000000000006484 ) ;
#809 = ORIENTED_EDGE ( 'NONE', *, *, #818, .T. ) ;
#810 = DIRECTION ( 'NONE',  ( 0.000000000000000000, 1.826024814442697735E-15, -1.000000000000000000 ) ) ;
#811 = PRODUCT_RELATED_PRODUCT_CATEGORY ( 'part', '', ( #1275 ) ) ;
#812 = EDGE_LOOP ( 'NONE', ( #1507, #344, #589, #1456, #317, #1499, #453, #720 ) ) ;
#813 = CARTESIAN_POINT ( 'NONE',  ( 5.000000000000000000, -42.44314119898039905, 14.05720530740663143 ) ) ;
#814 = LINE ( 'NONE', #1529, #1087 ) ;
#815 = DIRECTION ( 'NONE',  ( 0.000000000000000000, 1.387778780781445429E-16, -1.000000000000000000 ) ) ;
#816 = VERTEX_POINT ( 'NONE', #1303 ) ;
#817 = SHAPE_REPRESENTATION ( 'Pcb_chassis', ( #547, #289 ), #1020 ) ;
#818 = EDGE_CURVE ( 'NONE', #1190, #805, #563, .T. ) ;
#819 = LINE ( 'NONE', #938, #853 ) ;
#820 = ORIENTED_EDGE ( 'NONE', *, *, #253, .T. ) ;
#821 = CARTESIAN_POINT ( 'NONE',  ( 0.000000000000000000, -34.54888603015508863, 90.96216245713159765 ) ) ;
#822 = EDGE_LOOP ( 'NONE', ( #585, #662, #241, #831 ) ) ;
#823 = CARTESIAN_POINT ( 'NONE',  ( 2.000000000000000000, -75.33153434609999977, 18.08767240541400056 ) ) ;
#824 = AXIS2_PLACEMENT_3D ( 'NONE', #201, #653, #1516 ) ;
#825 = FACE_OUTER_BOUND ( 'NONE', #1155, .T. ) ;
#826 = EDGE_LOOP ( 'NONE', ( #605, #1084, #1535, #1041 ) ) ;
#827 = AXIS2_PLACEMENT_3D ( 'NONE', #620, #606, #627 ) ;
#828 = CARTESIAN_POINT ( 'NONE',  ( 2.000000000000000000, -92.90258699999999692, 58.58770900000000381 ) ) ;
#829 = VERTEX_POINT ( 'NONE', #20 ) ;
#830 = CARTESIAN_POINT ( 'NONE',  ( 0.000000000000000000, -28.90258700000000047, 56.98770899999999529 ) ) ;
#831 = ORIENTED_EDGE ( 'NONE', *, *, #759, .F. ) ;
#832 = FACE_BOUND ( 'NONE', #188, .T. ) ;
#833 = CARTESIAN_POINT ( 'NONE',  ( 2.000000000000000000, -34.97568388929737893, -41.68239692850946199 ) ) ;
#834 = ORIENTED_EDGE ( 'NONE', *, *, #539, .F. ) ;
#835 = DIRECTION ( 'NONE',  ( 1.000000000000000000, 0.000000000000000000, -0.000000000000000000 ) ) ;
#836 = CIRCLE ( 'NONE', #151, 5.699876423816530036 ) ;
#837 = ORIENTED_EDGE ( 'NONE', *, *, #401, .F. ) ;
#838 = DIRECTION ( 'NONE',  ( 0.000000000000000000, 0.000000000000000000, -1.000000000000000000 ) ) ;
#839 = ADVANCED_FACE ( 'NONE', ( #1004 ), #771, .F. ) ;
#840 = CYLINDRICAL_SURFACE ( 'NONE', #177, 2.049999999999996270 ) ;
#841 = CARTESIAN_POINT ( 'NONE',  ( 0.000000000000000000, -28.22778582542151327, 74.87090287813920497 ) ) ;
#842 = CARTESIAN_POINT ( 'NONE',  ( 0.000000000000000000, -93.57738817457847347, 70.77090287813922487 ) ) ;
#843 = CIRCLE ( 'NONE', #1312, 2.049999999999996270 ) ;
#844 = DIRECTION ( 'NONE',  ( 0.000000000000000000, 0.000000000000000000, -1.000000000000000000 ) ) ;
#845 =( LENGTH_UNIT ( ) NAMED_UNIT ( * ) SI_UNIT ( .MILLI., .METRE. ) );
#846 = ORIENTED_EDGE ( 'NONE', *, *, #854, .F. ) ;
#847 = LINE ( 'NONE', #730, #360 ) ;
#848 = ORIENTED_EDGE ( 'NONE', *, *, #90, .T. ) ;
#849 = CARTESIAN_POINT ( 'NONE',  ( 5.000000000000000000, -99.60258699999700127, 59.58770895503675291 ) ) ;
#850 = EDGE_CURVE ( 'NONE', #1119, #943, #1223, .T. ) ;
#851 = LINE ( 'NONE', #1457, #1220 ) ;
#852 = ORIENTED_EDGE ( 'NONE', *, *, #51, .F. ) ;
#853 = VECTOR ( 'NONE', #459, 1000.000000000000000 ) ;
#854 = EDGE_CURVE ( 'NONE', #372, #159, #14, .T. ) ;
#855 = ORIENTED_EDGE ( 'NONE', *, *, #135, .F. ) ;
#856 = FILL_AREA_STYLE ('',( #351 ) ) ;
#857 = DIRECTION ( 'NONE',  ( -1.000000000000000000, -0.000000000000000000, -0.000000000000000000 ) ) ;
#858 = DIRECTION ( 'NONE',  ( -0.000000000000000000, 2.873386205059205420E-14, 1.000000000000000000 ) ) ;
#859 = EDGE_LOOP ( 'NONE', ( #674, #893, #89, #1291 ) ) ;
#860 = SHAPE_REPRESENTATION ( 'Part3^Master Assembly', ( #827 ), #62 ) ;
#861 = EDGE_LOOP ( 'NONE', ( #1334, #73, #18, #224 ) ) ;
#862 = PRODUCT_DEFINITION_CONTEXT ( 'detailed design', #741, 'design' ) ;
#863 = DIRECTION ( 'NONE',  ( 0.000000000000000000, 0.000000000000000000, -1.000000000000000000 ) ) ;
#864 = ORIENTED_EDGE ( 'NONE', *, *, #1080, .T. ) ;
#865 = PLANE ( 'NONE',  #1412 ) ;
#866 = ORIENTED_EDGE ( 'NONE', *, *, #1062, .F. ) ;
#867 = ADVANCED_FACE ( 'NONE', ( #1237 ), #378, .T. ) ;
#868 = CARTESIAN_POINT ( 'NONE',  ( 0.000000000000000000, 0.000000000000000000, 0.000000000000000000 ) ) ;
#869 = VERTEX_POINT ( 'NONE', #984 ) ;
#870 = CARTESIAN_POINT ( 'NONE',  ( 5.000000000000000000, -34.97568388929737893, -41.68239692850946199 ) ) ;
#871 = ORIENTED_EDGE ( 'NONE', *, *, #1302, .F. ) ;
#872 = FACE_OUTER_BOUND ( 'NONE', #1283, .T. ) ;
#873 = EDGE_CURVE ( 'NONE', #1249, #178, #989, .T. ) ;
#874 = DIRECTION ( 'NONE',  ( 1.000000000000000000, 0.000000000000000000, 0.000000000000000000 ) ) ;
#875 = VECTOR ( 'NONE', #1335, 1000.000000000000000 ) ;
#876 = VECTOR ( 'NONE', #1400, 1000.000000000000000 ) ;
#877 = VECTOR ( 'NONE', #660, 1000.000000000000000 ) ;
#878 = VERTEX_POINT ( 'NONE', #1339 ) ;
#879 = CARTESIAN_POINT ( 'NONE',  ( 0.000000000000000000, -93.57738817457847347, 72.82090287813922203 ) ) ;
#880 = ORIENTED_EDGE ( 'NONE', *, *, #1238, .F. ) ;
#881 = DIRECTION ( 'NONE',  ( -1.000000000000000000, -0.000000000000000000, -0.000000000000000000 ) ) ;
#882 = AXIS2_PLACEMENT_3D ( 'NONE', #658, #785, #1019 ) ;
#883 = EDGE_CURVE ( 'NONE', #1372, #729, #139, .T. ) ;
#884 = CARTESIAN_POINT ( 'NONE',  ( 5.000000000000000000, -34.54888603015508863, 2.186238673203503513 ) ) ;
#885 = AXIS2_PLACEMENT_3D ( 'NONE', #1166, #309, #795 ) ;
#886 = DIRECTION ( 'NONE',  ( 1.000000000000000000, 0.000000000000000000, 0.000000000000000000 ) ) ;
#887 = ORIENTED_EDGE ( 'NONE', *, *, #975, .F. ) ;
#888 = CYLINDRICAL_SURFACE ( 'NONE', #1067, 2.050000000000006484 ) ;
#889 = DIRECTION ( 'NONE',  ( 0.000000000000000000, -0.7071067811874651721, -0.7071067811856299734 ) ) ;
#890 = AXIS2_PLACEMENT_3D ( 'NONE', #1046, #1052, #65 ) ;
#891 = APPLICATION_PROTOCOL_DEFINITION ( 'draft international standard', 'automotive_design', 1998, #1455 ) ;
#892 = CARTESIAN_POINT ( 'NONE',  ( 5.000000000000000000, -33.61156283453470195, 65.28770899999872768 ) ) ;
#893 = ORIENTED_EDGE ( 'NONE', *, *, #1515, .F. ) ;
#894 = CARTESIAN_POINT ( 'NONE',  ( 0.000000000000000000, -93.57738817457848768, 15.55517362824718219 ) ) ;
#895 = LINE ( 'NONE', #1480, #1306 ) ;
#896 =( NAMED_UNIT ( * ) PLANE_ANGLE_UNIT ( ) SI_UNIT ( $, .RADIAN. ) );
#897 = CARTESIAN_POINT ( 'NONE',  ( 5.000000000000000000, -27.90255040541000042, 36.65876165389300212 ) ) ;
#898 = EDGE_CURVE ( 'NONE', #1425, #420, #753, .T. ) ;
#899 = EDGE_LOOP ( 'NONE', ( #1468, #1077, #63, #1141 ) ) ;
#900 = CYLINDRICAL_SURFACE ( 'NONE', #66, 13.39999999999999503 ) ;
#901 = DIRECTION ( 'NONE',  ( 0.000000000000000000, 0.7660444431189769032, 0.6427876096865405842 ) ) ;
#902 = DIRECTION ( 'NONE',  ( 1.000000000000000000, 0.000000000000000000, 0.000000000000000000 ) ) ;
#903 = ORIENTED_EDGE ( 'NONE', *, *, #1005, .T. ) ;
#904 = DIRECTION ( 'NONE',  ( 0.000000000000000000, 1.000000000000000000, 0.000000000000000000 ) ) ;
#905 = FACE_OUTER_BOUND ( 'NONE', #861, .T. ) ;
#906 = EDGE_CURVE ( 'NONE', #353, #1221, #1381, .T. ) ;
#907 = ORIENTED_EDGE ( 'NONE', *, *, #1189, .F. ) ;
#908 = CARTESIAN_POINT ( 'NONE',  ( 5.000000000000000000, -60.90258700000000402, 64.58770899999998960 ) ) ;
#909 = CARTESIAN_POINT ( 'NONE',  ( 0.000000000000000000, -11.44321279232737432, 21.57420056516754769 ) ) ;
#910 = AXIS2_PLACEMENT_3D ( 'NONE', #1363, #988, #23 ) ;
#911 = CARTESIAN_POINT ( 'NONE',  ( 0.000000000000000000, -28.22778582542151327, 17.60517362824719001 ) ) ;
#912 = VERTEX_POINT ( 'NONE', #1353 ) ;
#913 = CARTESIAN_POINT ( 'NONE',  ( 0.000000000000000000, -28.22778582542151327, 72.82090287813920781 ) ) ;
#914 = ADVANCED_FACE ( 'NONE', ( #998, #1452, #1222, #1474 ), #147, .T. ) ;
#915 = VERTEX_POINT ( 'NONE', #518 ) ;
#916 = DIRECTION ( 'NONE',  ( -1.000000000000000000, -0.000000000000000000, -0.000000000000000000 ) ) ;
#917 = AXIS2_PLACEMENT_3D ( 'NONE', #221, #106, #863 ) ;
#918 = DIRECTION ( 'NONE',  ( -1.000000000000000000, -0.000000000000000000, -0.000000000000000000 ) ) ;
#919 = EDGE_CURVE ( 'NONE', #442, #742, #991, .T. ) ;
#920 = DIRECTION ( 'NONE',  ( 0.000000000000000000, 0.000000000000000000, -1.000000000000000000 ) ) ;
#921 = EDGE_LOOP ( 'NONE', ( #767, #777, #744, #993, #1487 ) ) ;
#922 = B_SPLINE_CURVE_WITH_KNOTS ( 'NONE', 3,
 ( #652, #769, #1127, #49 ),
 .UNSPECIFIED., .F., .F.,
 ( 4, 4 ),
 ( 4.443059973708341306E-17, 0.01414580726869105708 ),
 .UNSPECIFIED. ) ;
#923 = DIRECTION ( 'NONE',  ( 1.000000000000000000, -0.000000000000000000, -0.000000000000000000 ) ) ;
#924 = VERTEX_POINT ( 'NONE', #643 ) ;
#925 = CARTESIAN_POINT ( 'NONE',  ( 0.000000000000000000, -28.22778582542151327, 72.82090287813920781 ) ) ;
#926 = VECTOR ( 'NONE', #324, 1000.000000000000000 ) ;
#927 = EDGE_CURVE ( 'NONE', #331, #983, #1332, .T. ) ;
#928 = DIRECTION ( 'NONE',  ( 0.000000000000000000, -1.313397396878841866E-13, -1.000000000000000000 ) ) ;
#929 = CARTESIAN_POINT ( 'NONE',  ( 15.00000000000000178, -60.90258700000000402, 64.58770899999998960 ) ) ;
#930 = ORIENTED_EDGE ( 'NONE', *, *, #801, .F. ) ;
#931 = CIRCLE ( 'NONE', #1324, 2.049999999999999822 ) ;
#932 = FACE_OUTER_BOUND ( 'NONE', #1252, .T. ) ;
#933 = ORIENTED_EDGE ( 'NONE', *, *, #1138, .T. ) ;
#934 = CARTESIAN_POINT ( 'NONE',  ( 2.000000000000000000, -97.93309069257963984, 32.62826319899313177 ) ) ;
#935 = DIRECTION ( 'NONE',  ( 0.000000000000000000, -1.000000000000000000, 0.000000000000000000 ) ) ;
#936 = CARTESIAN_POINT ( 'NONE',  ( 0.000000000000000000, -60.90258700000000402, 25.58770900000000026 ) ) ;
#937 = ORIENTED_EDGE ( 'NONE', *, *, #80, .T. ) ;
#938 = CARTESIAN_POINT ( 'NONE',  ( 5.000000000000000000, -22.20258700000706042, 2.630521213253634923E-12 ) ) ;
#939 = EDGE_LOOP ( 'NONE', ( #1259, #411, #1458, #1537 ) ) ;
#940 = CARTESIAN_POINT ( 'NONE',  ( 0.000000000000000000, -28.22778582542151327, 19.65517362824718717 ) ) ;
#941 = CARTESIAN_POINT ( 'NONE',  ( 5.000000000000000000, -93.57738817457847347, 72.82090287813922203 ) ) ;
#942 = DIRECTION ( 'NONE',  ( 0.000000000000000000, -0.7660444431189770143, 0.6427876096865403621 ) ) ;
#943 = VERTEX_POINT ( 'NONE', #622 ) ;
#944 = AXIS2_PLACEMENT_3D ( 'NONE', #233, #107, #337 ) ;
#945 = DIRECTION ( 'NONE',  ( 1.000000000000000000, -0.000000000000000000, -0.000000000000000000 ) ) ;
#946 = EDGE_CURVE ( 'NONE', #829, #746, #1099, .T. ) ;
#947 = ORIENTED_EDGE ( 'NONE', *, *, #248, .F. ) ;
#948 = DIRECTION ( 'NONE',  ( 1.000000000000000000, 0.000000000000000000, 0.000000000000000000 ) ) ;
#949 = DIRECTION ( 'NONE',  ( 0.000000000000000000, -5.551115123125781716E-16, -1.000000000000000000 ) ) ;
#950 = CIRCLE ( 'NONE', #1490, 13.40000000000000213 ) ;
#951 = CARTESIAN_POINT ( 'NONE',  ( 5.000000000000000000, 3.559467215288392407E-13, 12.38770899999866515 ) ) ;
#952 = DIRECTION ( 'NONE',  ( 0.000000000000000000, 0.000000000000000000, 1.000000000000000000 ) ) ;
#953 = DIRECTION ( 'NONE',  ( -1.000000000000000000, -0.000000000000000000, -0.000000000000000000 ) ) ;
#954 = EDGE_CURVE ( 'NONE', #5, #377, #843, .T. ) ;
#955 = VERTEX_POINT ( 'NONE', #1345 ) ;
#956 = DIRECTION ( 'NONE',  ( 1.000000000000000000, 0.000000000000000000, 0.000000000000000000 ) ) ;
#957 = VECTOR ( 'NONE', #205, 1000.000000000000000 ) ;
#958 = DIRECTION ( 'NONE',  ( 0.000000000000000000, 0.000000000000000000, 1.000000000000000000 ) ) ;
#959 = CARTESIAN_POINT ( 'NONE',  ( 2.000000000000000000, -60.90258700000000402, 64.58770899999998960 ) ) ;
#960 = VERTEX_POINT ( 'NONE', #270 ) ;
#961 = CARTESIAN_POINT ( 'NONE',  ( 2.000000000000000000, 0.000000000000000000, 90.96216245713159765 ) ) ;
#962 = AXIS2_PLACEMENT_3D ( 'NONE', #941, #1280, #1152 ) ;
#963 = ORIENTED_EDGE ( 'NONE', *, *, #992, .F. ) ;
#964 = EDGE_CURVE ( 'NONE', #8, #1190, #41, .T. ) ;
#965 = CARTESIAN_POINT ( 'NONE',  ( 5.000000000000000000, -27.90258667883000143, 59.58770932116600250 ) ) ;
#966 = FACE_BOUND ( 'NONE', #334, .T. ) ;
#967 = CARTESIAN_POINT ( 'NONE',  ( 15.00000000000000178, 0.000000000000000000, 0.000000000000000000 ) ) ;
#968 = ADVANCED_FACE ( 'NONE', ( #153 ), #636, .F. ) ;
#969 = ORIENTED_EDGE ( 'NONE', *, *, #1109, .T. ) ;
#970 = ORIENTED_EDGE ( 'NONE', *, *, #617, .T. ) ;
#971 = CARTESIAN_POINT ( 'NONE',  ( 2.000000000000000000, -34.54888603015508863, 90.96216245713159765 ) ) ;
#972 = DIRECTION ( 'NONE',  ( 0.000000000000000000, 0.7660444431189770143, -0.6427876096865405842 ) ) ;
#973 = DIRECTION ( 'NONE',  ( 0.000000000000000000, 1.000000000000000000, -2.873386205059205420E-14 ) ) ;
#974 = DIRECTION ( 'NONE',  ( 1.000000000000000000, 0.000000000000000000, 0.000000000000000000 ) ) ;
#975 = EDGE_CURVE ( 'NONE', #742, #1301, #996, .T. ) ;
#976 = AXIS2_PLACEMENT_3D ( 'NONE', #967, #1438, #363 ) ;
#977 = EDGE_LOOP ( 'NONE', ( #970, #308 ) ) ;
#978 = DIRECTION ( 'NONE',  ( -0.000000000000000000, 1.000000000000000000, 1.387778780781445429E-16 ) ) ;
#979 = EDGE_LOOP ( 'NONE', ( #1325, #505 ) ) ;
#980 = DIRECTION ( 'NONE',  ( -1.000000000000000000, -0.000000000000000000, -0.000000000000000000 ) ) ;
#981 = CYLINDRICAL_SURFACE ( 'NONE', #1514, 1.600000000000004086 ) ;
#982 = EDGE_CURVE ( 'NONE', #69, #1368, #684, .T. ) ;
#983 = VERTEX_POINT ( 'NONE', #1149 ) ;
#984 = CARTESIAN_POINT ( 'NONE',  ( 0.000000000000000000, -34.54888603015508863, 2.186238673203503513 ) ) ;
#985 = EDGE_CURVE ( 'NONE', #1368, #1389, #736, .T. ) ;
#986 = ORIENTED_EDGE ( 'NONE', *, *, #1394, .T. ) ;
#987 = DIRECTION ( 'NONE',  ( 0.000000000000000000, 0.000000000000000000, -1.000000000000000000 ) ) ;
#988 = DIRECTION ( 'NONE',  ( 1.000000000000000000, 0.000000000000000000, 0.000000000000000000 ) ) ;
#989 = CIRCLE ( 'NONE', #510, 1.600000000000004086 ) ;
#990 = EDGE_LOOP ( 'NONE', ( #1482, #848, #271, #1517, #739, #444, #146, #171, #60, #47, #654, #969, #963, #1264, #503, #887, #197, #115, #1091, #246, #194, #1414, #1296, #397 ) ) ;
#991 = LINE ( 'NONE', #387, #717 ) ;
#992 = EDGE_CURVE ( 'NONE', #1100, #1119, #665, .T. ) ;
#993 = ORIENTED_EDGE ( 'NONE', *, *, #90, .F. ) ;
#994 = DIRECTION ( 'NONE',  ( -1.000000000000000000, -0.000000000000000000, -0.000000000000000000 ) ) ;
#995 = CARTESIAN_POINT ( 'NONE',  ( 5.000000000000000000, -93.57738817457848768, 15.55517362824718219 ) ) ;
#996 = CIRCLE ( 'NONE', #1470, 5.699963405433036812 ) ;
#997 = VECTOR ( 'NONE', #217, 1000.000000000000000 ) ;
#998 = FACE_BOUND ( 'NONE', #1202, .T. ) ;
#999 = VERTEX_POINT ( 'NONE', #307 ) ;
#1000 = DIRECTION ( 'NONE',  ( -1.000000000000000000, -0.000000000000000000, -0.000000000000000000 ) ) ;
#1001 = CIRCLE ( 'NONE', #42, 2.049999999999996270 ) ;
#1002 = FACE_OUTER_BOUND ( 'NONE', #1178, .T. ) ;
#1003 = CIRCLE ( 'NONE', #550, 2.049999999999996270 ) ;
#1004 = FACE_OUTER_BOUND ( 'NONE', #1329, .T. ) ;
#1005 = EDGE_CURVE ( 'NONE', #734, #1554, #793, .T. ) ;
#1006 = ORIENTED_EDGE ( 'NONE', *, *, #1282, .F. ) ;
#1007 = DIRECTION ( 'NONE',  ( 1.000000000000000000, 0.000000000000000000, 0.000000000000000000 ) ) ;
#1008 = DIRECTION ( 'NONE',  ( -0.000000000000000000, 0.6427876096865405842, 0.7660444431189769032 ) ) ;
#1009 = EDGE_CURVE ( 'NONE', #1171, #1098, #311, .T. ) ;
#1010 = CYLINDRICAL_SURFACE ( 'NONE', #1342, 1.600000000000004086 ) ;
#1011 = EDGE_LOOP ( 'NONE', ( #1129, #52, #1083, #1132 ) ) ;
#1012 = FACE_OUTER_BOUND ( 'NONE', #495, .T. ) ;
#1013 = CARTESIAN_POINT ( 'NONE',  ( 2.000000000000000000, 30.51535394397147627, 36.36678269201178182 ) ) ;
#1014 = CARTESIAN_POINT ( 'NONE',  ( 5.000000000000000000, -99.60258699999999976, 36.65877699999999351 ) ) ;
#1015 = ORIENTED_EDGE ( 'NONE', *, *, #797, .T. ) ;
#1016 = VECTOR ( 'NONE', #449, 1000.000000000000000 ) ;
#1017 = DIRECTION ( 'NONE',  ( 0.000000000000000000, 0.000000000000000000, -1.000000000000000000 ) ) ;
#1018 = ORIENTED_EDGE ( 'NONE', *, *, #1218, .T. ) ;
#1019 = DIRECTION ( 'NONE',  ( -1.000000000000000000, 0.000000000000000000, -0.000000000000000000 ) ) ;
#1020 =( GEOMETRIC_REPRESENTATION_CONTEXT ( 3 ) GLOBAL_UNCERTAINTY_ASSIGNED_CONTEXT ( ( #1326 ) ) GLOBAL_UNIT_ASSIGNED_CONTEXT ( ( #393, #896, #648 ) ) REPRESENTATION_CONTEXT ( 'NONE', 'WORKASPACE' ) );
#1021 = DIRECTION ( 'NONE',  ( 0.000000000000000000, 1.387778780781445429E-16, -1.000000000000000000 ) ) ;
#1022 = CARTESIAN_POINT ( 'NONE',  ( 15.00000000000000178, -60.90258700000000402, 51.18770899999999102 ) ) ;
#1023 = EDGE_CURVE ( 'NONE', #999, #805, #164, .T. ) ;
#1024 = ORIENTED_EDGE ( 'NONE', *, *, #1530, .F. ) ;
#1025 = DIRECTION ( 'NONE',  ( 1.000000000000000000, 0.000000000000000000, 0.000000000000000000 ) ) ;
#1026 = EDGE_CURVE ( 'NONE', #8, #999, #237, .T. ) ;
#1027 = ORIENTED_EDGE ( 'NONE', *, *, #430, .T. ) ;
#1028 = DIRECTION ( 'NONE',  ( 0.000000000000000000, -1.184781401037995525E-13, -1.000000000000000000 ) ) ;
#1029 = CARTESIAN_POINT ( 'NONE',  ( 2.000000000000000000, -11.44321279232737432, 21.57420056516754769 ) ) ;
#1030 = VECTOR ( 'NONE', #633, 1000.000000000000000 ) ;
#1031 = FACE_OUTER_BOUND ( 'NONE', #601, .T. ) ;
#1032 = VERTEX_POINT ( 'NONE', #1277 ) ;
#1033 = CIRCLE ( 'NONE', #764, 5.699876423816530036 ) ;
#1034 = CARTESIAN_POINT ( 'NONE',  ( 0.000000000000000000, -93.57738817457847347, 72.82090287813922203 ) ) ;
#1035 = ORIENTED_EDGE ( 'NONE', *, *, #238, .T. ) ;
#1036 = DIRECTION ( 'NONE',  ( 0.000000000000000000, 0.7660444431189770143, -0.6427876096865405842 ) ) ;
#1037 = AXIS2_PLACEMENT_3D ( 'NONE', #298, #783, #211 ) ;
#1038 = EDGE_CURVE ( 'NONE', #1354, #1525, #558, .T. ) ;
#1039 = DIRECTION ( 'NONE',  ( 0.000000000000000000, 0.000000000000000000, -1.000000000000000000 ) ) ;
#1040 = FACE_OUTER_BOUND ( 'NONE', #1383, .T. ) ;
#1041 = ORIENTED_EDGE ( 'NONE', *, *, #1196, .F. ) ;
#1042 = CYLINDRICAL_SURFACE ( 'NONE', #1068, 2.049999999999996270 ) ;
#1043 = EDGE_LOOP ( 'NONE', ( #36, #1274 ) ) ;
#1044 = LINE ( 'NONE', #694, #1079 ) ;
#1045 = VECTOR ( 'NONE', #340, 1000.000000000000000 ) ;
#1046 = CARTESIAN_POINT ( 'NONE',  ( 0.000000000000000000, -93.57738817457848768, 17.60517362824719001 ) ) ;
#1047 = CARTESIAN_POINT ( 'NONE',  ( 5.000000000000000000, -15.35127986295111668, 18.29494292759108376 ) ) ;
#1048 = ORIENTED_EDGE ( 'NONE', *, *, #1307, .T. ) ;
#1049 = CARTESIAN_POINT ( 'NONE',  ( 5.000000000000000000, -33.61156283453470195, 65.28770899999872768 ) ) ;
#1050 = ORIENTED_EDGE ( 'NONE', *, *, #557, .F. ) ;
#1051 = DIRECTION ( 'NONE',  ( -1.000000000000000000, -0.000000000000000000, -0.000000000000000000 ) ) ;
#1052 = DIRECTION ( 'NONE',  ( 1.000000000000000000, 0.000000000000000000, 0.000000000000000000 ) ) ;
#1053 = DIRECTION ( 'NONE',  ( 1.000000000000000000, -0.000000000000000000, -0.000000000000000000 ) ) ;
#1054 = ORIENTED_EDGE ( 'NONE', *, *, #1062, .T. ) ;
#1055 = ADVANCED_FACE ( 'NONE', ( #540 ), #1042, .F. ) ;
#1056 = CARTESIAN_POINT ( 'NONE',  ( 0.000000000000000000, -93.57738817457847347, 70.77090287813922487 ) ) ;
#1057 = ORIENTED_EDGE ( 'NONE', *, *, #946, .F. ) ;
#1058 = DIRECTION ( 'NONE',  ( 1.000000000000000000, -0.000000000000000000, -0.000000000000000000 ) ) ;
#1059 = CARTESIAN_POINT ( 'NONE',  ( 2.000000000000000000, -60.90258700000000402, 77.98770899999999529 ) ) ;
#1060 = CARTESIAN_POINT ( 'NONE',  ( 2.000000000000000000, -34.54888603015508863, 2.186238673203503513 ) ) ;
#1061 = ORIENTED_EDGE ( 'NONE', *, *, #954, .F. ) ;
#1062 = EDGE_CURVE ( 'NONE', #428, #1239, #1266, .T. ) ;
#1063 = CIRCLE ( 'NONE', #538, 5.699963405439862463 ) ;
#1064 = CARTESIAN_POINT ( 'NONE',  ( 2.000000000000000000, -92.90258699999999692, 60.18770900000000523 ) ) ;
#1065 = EDGE_CURVE ( 'NONE', #1032, #488, #439, .T. ) ;
#1066 = EDGE_LOOP ( 'NONE', ( #13, #327, #726, #555 ) ) ;
#1067 = AXIS2_PLACEMENT_3D ( 'NONE', #160, #257, #143 ) ;
#1068 = AXIS2_PLACEMENT_3D ( 'NONE', #1034, #923, #1509 ) ;
#1069 = ORIENTED_EDGE ( 'NONE', *, *, #1227, .T. ) ;
#1070 = PLANE ( 'NONE',  #76 ) ;
#1071 = CIRCLE ( 'NONE', #1472, 13.40000000000000213 ) ;
#1072 = FACE_BOUND ( 'NONE', #1442, .T. ) ;
#1073 = PLANE ( 'NONE',  #1241 ) ;
#1074 = EDGE_CURVE ( 'NONE', #711, #254, #316, .T. ) ;
#1075 = DIRECTION ( 'NONE',  ( 1.000000000000000000, -0.000000000000000000, -0.000000000000000000 ) ) ;
#1076 = COLOUR_RGB ( '',0.7921568627450980005, 0.8196078431372548767, 0.9333333333333333481 ) ;
#1077 = ORIENTED_EDGE ( 'NONE', *, *, #103, .T. ) ;
#1078 =( LENGTH_UNIT ( ) NAMED_UNIT ( * ) SI_UNIT ( .MILLI., .METRE. ) );
#1079 = VECTOR ( 'NONE', #1036, 1000.000000000000000 ) ;
#1080 = EDGE_CURVE ( 'NONE', #912, #657, #803, .T. ) ;
#1081 = DIRECTION ( 'NONE',  ( 1.000000000000000000, -0.000000000000000000, -0.000000000000000000 ) ) ;
#1082 = CARTESIAN_POINT ( 'NONE',  ( 0.000000000000000000, -28.22778582542151327, 19.65517362824718717 ) ) ;
#1083 = ORIENTED_EDGE ( 'NONE', *, *, #818, .F. ) ;
#1084 = ORIENTED_EDGE ( 'NONE', *, *, #180, .T. ) ;
#1085 = FACE_BOUND ( 'NONE', #1476, .T. ) ;
#1086 = DIRECTION ( 'NONE',  ( 1.000000000000000000, 0.000000000000000000, 0.000000000000000000 ) ) ;
#1087 = VECTOR ( 'NONE', #199, 1000.000000000000000 ) ;
#1088 = ADVANCED_FACE ( 'NONE', ( #905 ), #1010, .F. ) ;
#1089 = CARTESIAN_POINT ( 'NONE',  ( 15.00000000000000178, -78.18841934906552638, 65.28770899999999244 ) ) ;
#1090 = DIRECTION ( 'NONE',  ( -1.000000000000000000, -0.000000000000000000, -0.000000000000000000 ) ) ;
#1091 = ORIENTED_EDGE ( 'NONE', *, *, #1464, .F. ) ;
#1092 = CARTESIAN_POINT ( 'NONE',  ( 2.000000000000000000, 0.000000000000000000, 0.000000000000000000 ) ) ;
#1093 = ADVANCED_FACE ( 'NONE', ( #932 ), #1373, .F. ) ;
#1094 = ORIENTED_EDGE ( 'NONE', *, *, #399, .T. ) ;
#1095 = CARTESIAN_POINT ( 'NONE',  ( 2.000000000000000000, -99.60258699999700127, 59.58770895503675291 ) ) ;
#1096 = AXIS2_PLACEMENT_3D ( 'NONE', #573, #1273, #1263 ) ;
#1097 = ORIENTED_EDGE ( 'NONE', *, *, #103, .F. ) ;
#1098 = VERTEX_POINT ( 'NONE', #1533 ) ;
#1099 = LINE ( 'NONE', #1459, #304 ) ;
#1100 = VERTEX_POINT ( 'NONE', #1432 ) ;
#1101 = CARTESIAN_POINT ( 'NONE',  ( 5.000000000000000000, -93.90271057642999608, 36.65872562483699681 ) ) ;
#1102 = DIRECTION ( 'NONE',  ( 1.000000000000000000, 0.000000000000000000, 0.000000000000000000 ) ) ;
#1103 = EDGE_CURVE ( 'NONE', #639, #169, #1188, .T. ) ;
#1104 = ORIENTED_EDGE ( 'NONE', *, *, #954, .T. ) ;
#1105 = CARTESIAN_POINT ( 'NONE',  ( 11.66716734383361320, -40.28119036988916690, 65.28770899999956612 ) ) ;
#1106 = ORIENTED_EDGE ( 'NONE', *, *, #284, .T. ) ;
#1107 = CARTESIAN_POINT ( 'NONE',  ( 2.000000000000000000, -92.90258699999999692, 56.98770899999999529 ) ) ;
#1108 = CARTESIAN_POINT ( 'NONE',  ( 5.000000000000000000, -99.60258700000481724, 1.308177784882047154E-11 ) ) ;
#1109 = EDGE_CURVE ( 'NONE', #1389, #1119, #670, .T. ) ;
#1110 = AXIS2_PLACEMENT_3D ( 'NONE', #158, #978, #497 ) ;
#1111 = ITEM_DEFINED_TRANSFORMATION ( 'NONE', 'NONE', #289,  #827 ) ;
#1112 = DIRECTION ( 'NONE',  ( -1.000000000000000000, -0.000000000000000000, -0.000000000000000000 ) ) ;
#1113 = ORIENTED_EDGE ( 'NONE', *, *, #738, .F. ) ;
#1114 = PLANE ( 'NONE',  #666 ) ;
#1115 = DIRECTION ( 'NONE',  ( 0.000000000000000000, 0.000000000000000000, -1.000000000000000000 ) ) ;
#1116 = VECTOR ( 'NONE', #649, 1000.000000000000000 ) ;
#1117 = ADVANCED_FACE ( 'NONE', ( #96 ), #104, .T. ) ;
#1118 = DIRECTION ( 'NONE',  ( 0.000000000000000000, 0.000000000000000000, 1.000000000000000000 ) ) ;
#1119 = VERTEX_POINT ( 'NONE', #1049 ) ;
#1120 = LINE ( 'NONE', #37, #595 ) ;
#1121 = EDGE_CURVE ( 'NONE', #1520, #1532, #700, .T. ) ;
#1122 = CIRCLE ( 'NONE', #319, 2.049999999999996270 ) ;
#1123 = DIRECTION ( 'NONE',  ( 0.000000000000000000, 0.6427876096865405842, -0.7660444431189769032 ) ) ;
#1124 = DIRECTION ( 'NONE',  ( 1.000000000000000000, 0.000000000000000000, 0.000000000000000000 ) ) ;
#1125 = ORIENTED_EDGE ( 'NONE', *, *, #779, .T. ) ;
#1126 = FACE_OUTER_BOUND ( 'NONE', #119, .T. ) ;
#1127 = CARTESIAN_POINT ( 'NONE',  ( 8.333650495653765589, -84.85886425455545634, 65.28770900000125721 ) ) ;
#1128 = DIRECTION ( 'NONE',  ( -1.000000000000000000, -0.000000000000000000, -0.000000000000000000 ) ) ;
#1129 = ORIENTED_EDGE ( 'NONE', *, *, #1026, .T. ) ;
#1130 = DIRECTION ( 'NONE',  ( 0.000000000000000000, 0.000000000000000000, 1.000000000000000000 ) ) ;
#1131 = CARTESIAN_POINT ( 'NONE',  ( 5.925546542868557864, -60.30909232824579647, 90.96216245713159765 ) ) ;
#1132 = ORIENTED_EDGE ( 'NONE', *, *, #964, .F. ) ;
#1133 = CARTESIAN_POINT ( 'NONE',  ( 5.000000000000000000, -11.44321279232738142, 71.57420056516755835 ) ) ;
#1134 = ADVANCED_FACE ( 'NONE', ( #332 ), #1309, .F. ) ;
#1135 = CARTESIAN_POINT ( 'NONE',  ( 2.000000000000000000, -22.20258699999999763, 59.58770900000000381 ) ) ;
#1136 = CARTESIAN_POINT ( 'NONE',  ( 2.000000000000000000, 8.302765710142003444E-12, 65.28770899999445021 ) ) ;
#1137 = ORIENTED_EDGE ( 'NONE', *, *, #515, .T. ) ;
#1138 = EDGE_CURVE ( 'NONE', #336, #331, #1293, .T. ) ;
#1139 = AXIS2_PLACEMENT_3D ( 'NONE', #828, #1526, #719 ) ;
#1140 = CARTESIAN_POINT ( 'NONE',  ( 5.000000000000000000, 8.302765710142003444E-12, 65.28770899999445021 ) ) ;
#1141 = ORIENTED_EDGE ( 'NONE', *, *, #919, .T. ) ;
#1142 = DIRECTION ( 'NONE',  ( -1.000000000000000000, -0.000000000000000000, -0.000000000000000000 ) ) ;
#1143 = AXIS2_PLACEMENT_3D ( 'NONE', #588, #245, #207 ) ;
#1144 = DIRECTION ( 'NONE',  ( -1.000000000000000000, -0.000000000000000000, -0.000000000000000000 ) ) ;
#1145 = LINE ( 'NONE', #1256, #926 ) ;
#1146 = ORIENTED_EDGE ( 'NONE', *, *, #695, .F. ) ;
#1147 = PRODUCT_DEFINITION_SHAPE ( 'NONE', 'NONE',  #1245 ) ;
#1148 = CIRCLE ( 'NONE', #885, 1.600000000000004086 ) ;
#1149 = CARTESIAN_POINT ( 'NONE',  ( 2.000000000000000000, -22.20258700000381324, 36.65877914847070684 ) ) ;
#1150 = ORIENTED_EDGE ( 'NONE', *, *, #1415, .T. ) ;
#1151 = CARTESIAN_POINT ( 'NONE',  ( 2.000000000000000000, 3.559467215288392407E-13, 12.38770899999866515 ) ) ;
#1152 = DIRECTION ( 'NONE',  ( 0.000000000000000000, 0.000000000000000000, -1.000000000000000000 ) ) ;
#1153 = CIRCLE ( 'NONE', #632, 2.050000000000006484 ) ;
#1154 = DIRECTION ( 'NONE',  ( 1.000000000000000000, 0.000000000000000000, 0.000000000000000000 ) ) ;
#1155 = EDGE_LOOP ( 'NONE', ( #775, #490, #1024, #460 ) ) ;
#1156 = VECTOR ( 'NONE', #616, 1000.000000000000000 ) ;
#1157 = CARTESIAN_POINT ( 'NONE',  ( 15.00000000000000178, -28.90258700000000047, 58.58770900000000381 ) ) ;
#1158 = ORIENTED_EDGE ( 'NONE', *, *, #141, .T. ) ;
#1159 = DIRECTION ( 'NONE',  ( 1.000000000000000000, 0.000000000000000000, 0.000000000000000000 ) ) ;
#1160 = CARTESIAN_POINT ( 'NONE',  ( 5.000000000000000000, -46.47360362483000529, 18.08758542356999754 ) ) ;
#1161 = LINE ( 'NONE', #330, #388 ) ;
#1162 = VERTEX_POINT ( 'NONE', #582 ) ;
#1163 = VECTOR ( 'NONE', #1344, 1000.000000000000000 ) ;
#1164 = CARTESIAN_POINT ( 'NONE',  ( 2.000000000000000000, -92.90258699999999692, 58.58770900000000381 ) ) ;
#1165 = EDGE_LOOP ( 'NONE', ( #137, #208, #1453, #463, #1338 ) ) ;
#1166 = CARTESIAN_POINT ( 'NONE',  ( 0.000000000000000000, -92.90258699999999692, 58.58770900000000381 ) ) ;
#1167 = CARTESIAN_POINT ( 'NONE',  ( 5.000000000000000000, -99.60258700000481724, 1.308177784882047154E-11 ) ) ;
#1168 = EDGE_CURVE ( 'NONE', #1214, #541, #1216, .T. ) ;
#1169 = PRODUCT_DEFINITION_FORMATION_WITH_SPECIFIED_SOURCE ( 'ANY', '', #320, .NOT_KNOWN. ) ;
#1170 = PLANE ( 'NONE',  #15 ) ;
#1171 = VERTEX_POINT ( 'NONE', #452 ) ;
#1172 = DIRECTION ( 'NONE',  ( -1.000000000000000000, -0.000000000000000000, -0.000000000000000000 ) ) ;
#1173 = ORIENTED_EDGE ( 'NONE', *, *, #135, .T. ) ;
#1174 = DIRECTION ( 'NONE',  ( 1.000000000000000000, 0.000000000000000000, 0.000000000000000000 ) ) ;
#1175 = LINE ( 'NONE', #602, #383 ) ;
#1176 = CARTESIAN_POINT ( 'NONE',  ( 0.000000000000000000, 0.000000000000000000, 2.186238673203500404 ) ) ;
#1177 = EDGE_CURVE ( 'NONE', #1301, #204, #819, .T. ) ;
#1178 = EDGE_LOOP ( 'NONE', ( #30, #425, #124, #630 ) ) ;
#1179 = CARTESIAN_POINT ( 'NONE',  ( 5.000000000000000000, -93.57738817457848768, 19.65517362824719427 ) ) ;
#1180 = ORIENTED_EDGE ( 'NONE', *, *, #779, .F. ) ;
#1181 = FACE_BOUND ( 'NONE', #1495, .T. ) ;
#1182 = AXIS2_PLACEMENT_3D ( 'NONE', #1092, #886, #395 ) ;
#1183 = ORIENTED_EDGE ( 'NONE', *, *, #29, .F. ) ;
#1184 = DIRECTION ( 'NONE',  ( 0.000000000000000000, 0.000000000000000000, 1.000000000000000000 ) ) ;
#1185 = EDGE_CURVE ( 'NONE', #1162, #1368, #213, .T. ) ;
#1186 = DIRECTION ( 'NONE',  ( 0.000000000000000000, 1.000000000000000000, -1.898747966482274254E-13 ) ) ;
#1187 = ORIENTED_EDGE ( 'NONE', *, *, #1286, .F. ) ;
#1188 = LINE ( 'NONE', #480, #467 ) ;
#1189 = EDGE_CURVE ( 'NONE', #541, #1214, #1518, .T. ) ;
#1190 = VERTEX_POINT ( 'NONE', #1406 ) ;
#1191 = AXIS2_PLACEMENT_3D ( 'NONE', #1493, #1124, #1391 ) ;
#1192 = FACE_BOUND ( 'NONE', #293, .T. ) ;
#1193 = VECTOR ( 'NONE', #973, 1000.000000000000000 ) ;
#1194 = FACE_OUTER_BOUND ( 'NONE', #1397, .T. ) ;
#1195 = DIRECTION ( 'NONE',  ( 1.000000000000000000, 0.000000000000000000, 0.000000000000000000 ) ) ;
#1196 = EDGE_CURVE ( 'NONE', #5, #615, #111, .T. ) ;
#1197 = AXIS2_PLACEMENT_3D ( 'NONE', #542, #1496, #1369 ) ;
#1198 = EDGE_CURVE ( 'NONE', #816, #428, #590, .T. ) ;
#1199 = EDGE_LOOP ( 'NONE', ( #784, #790, #297, #1137 ) ) ;
#1200 = DIRECTION ( 'NONE',  ( 0.000000000000000000, 0.000000000000000000, 1.000000000000000000 ) ) ;
#1201 = AXIS2_PLACEMENT_3D ( 'NONE', #756, #1225, #1349 ) ;
#1202 = EDGE_LOOP ( 'NONE', ( #1450, #907 ) ) ;
#1203 = FACE_BOUND ( 'NONE', #704, .T. ) ;
#1204 = CARTESIAN_POINT ( 'NONE',  ( 5.000000000000000000, -79.36202774683057726, 14.05720025316940713 ) ) ;
#1205 = CARTESIAN_POINT ( 'NONE',  ( 5.000000000000000000, 8.302765710142003444E-12, 65.28770899999445021 ) ) ;
#1206 = CARTESIAN_POINT ( 'NONE',  ( 0.000000000000000000, -28.22778582542151327, 74.87090287813920497 ) ) ;
#1207 = VERTEX_POINT ( 'NONE', #1179 ) ;
#1208 = CARTESIAN_POINT ( 'NONE',  ( 2.000000000000000000, -60.90258700000000402, 64.58770899999998960 ) ) ;
#1209 = ORIENTED_EDGE ( 'NONE', *, *, #850, .F. ) ;
#1210 = CARTESIAN_POINT ( 'NONE',  ( 2.000000000000000000, -27.90258704496380204, 65.28770899999800292 ) ) ;
#1211 = EDGE_LOOP ( 'NONE', ( #708, #947, #846, #1315 ) ) ;
#1212 = ORIENTED_EDGE ( 'NONE', *, *, #284, .F. ) ;
#1213 = CARTESIAN_POINT ( 'NONE',  ( 15.00000000000000178, -43.61675465093448167, 65.28770899999999244 ) ) ;
#1214 = VERTEX_POINT ( 'NONE', #1064 ) ;
#1215 = CARTESIAN_POINT ( 'NONE',  ( 0.000000000000000000, -34.97568388929737893, -41.68239692850946199 ) ) ;
#1216 = CIRCLE ( 'NONE', #264, 1.600000000000004086 ) ;
#1217 = AXIS2_PLACEMENT_3D ( 'NONE', #868, #113, #487 ) ;
#1218 = EDGE_CURVE ( 'NONE', #1100, #336, #1542, .T. ) ;
#1219 = CARTESIAN_POINT ( 'NONE',  ( 2.000000000000000000, -28.25017325313843841, 28.25017325321175576 ) ) ;
#1220 = VECTOR ( 'NONE', #1553, 1000.000000000000000 ) ;
#1221 = VERTEX_POINT ( 'NONE', #348 ) ;
#1222 = FACE_BOUND ( 'NONE', #979, .T. ) ;
#1223 = B_SPLINE_CURVE_WITH_KNOTS ( 'NONE', 3,
 ( #892, #373, #1105, #1213 ),
 .UNSPECIFIED., .F., .F.,
 ( 4, 4 ),
 ( 0.000000000000000000, 0.01414580726869107616 ),
 .UNSPECIFIED. ) ;
#1224 = EDGE_LOOP ( 'NONE', ( #1018, #933, #1257, #434 ) ) ;
#1225 = DIRECTION ( 'NONE',  ( 1.000000000000000000, 0.000000000000000000, 0.000000000000000000 ) ) ;
#1226 = DIRECTION ( 'NONE',  ( 0.000000000000000000, 0.000000000000000000, -1.000000000000000000 ) ) ;
#1227 = EDGE_CURVE ( 'NONE', #1098, #1171, #140, .T. ) ;
#1228 = AXIS2_PLACEMENT_3D ( 'NONE', #757, #874, #1226 ) ;
#1229 = DIRECTION ( 'NONE',  ( 1.000000000000000000, -0.000000000000000000, -0.000000000000000000 ) ) ;
#1230 = EDGE_LOOP ( 'NONE', ( #1104, #404 ) ) ;
#1231 = CARTESIAN_POINT ( 'NONE',  ( 2.000000000000000000, -46.47365500000000083, 12.38770900000000097 ) ) ;
#1232 = VECTOR ( 'NONE', #1021, 1000.000000000000000 ) ;
#1233 = CARTESIAN_POINT ( 'NONE',  ( 0.000000000000000000, -11.44321279232738142, 71.57420056516755835 ) ) ;
#1234 = EDGE_CURVE ( 'NONE', #169, #185, #1379, .T. ) ;
#1235 = VECTOR ( 'NONE', #461, 1000.000000000000000 ) ;
#1236 = EDGE_CURVE ( 'NONE', #455, #126, #1404, .T. ) ;
#1237 = FACE_OUTER_BOUND ( 'NONE', #1066, .T. ) ;
#1238 = EDGE_CURVE ( 'NONE', #1221, #1532, #424, .T. ) ;
#1239 = VERTEX_POINT ( 'NONE', #681 ) ;
#1240 = CYLINDRICAL_SURFACE ( 'NONE', #322, 17.29999999999999716 ) ;
#1241 = AXIS2_PLACEMENT_3D ( 'NONE', #1205, #1550, #479 ) ;
#1242 = CARTESIAN_POINT ( 'NONE',  ( 15.00000000000000178, -60.90258700000000402, 81.88770899999998676 ) ) ;
#1243 = CARTESIAN_POINT ( 'NONE',  ( 5.000000000000000000, -32.65241374694104337, -32.65241374685015074 ) ) ;
#1244 = VECTOR ( 'NONE', #1305, 1000.000000000000000 ) ;
#1245 = PRODUCT_DEFINITION ( 'UNKNOWN', '', #1169, #131 ) ;
#1246 = ORIENTED_EDGE ( 'NONE', *, *, #634, .T. ) ;
#1247 = FACE_OUTER_BOUND ( 'NONE', #822, .T. ) ;
#1248 = CARTESIAN_POINT ( 'NONE',  ( 2.000000000000000000, -15.35127986295111668, 18.29494292759108376 ) ) ;
#1249 = VERTEX_POINT ( 'NONE', #673 ) ;
#1250 = DIRECTION ( 'NONE',  ( 1.000000000000000000, 0.000000000000000000, 0.000000000000000000 ) ) ;
#1251 = ADVANCED_FACE ( 'NONE', ( #67 ), #728, .T. ) ;
#1252 = EDGE_LOOP ( 'NONE', ( #551, #27, #1319, #110 ) ) ;
#1253 = PLANE ( 'NONE',  #882 ) ;
#1254 = CARTESIAN_POINT ( 'NONE',  ( 15.00000000000000178, -28.90258700000000047, 58.58770900000000381 ) ) ;
#1255 = ADVANCED_FACE ( 'NONE', ( #174 ), #1396, .F. ) ;
#1256 = CARTESIAN_POINT ( 'NONE',  ( 15.00000000000000178, -92.90258699999999692, 56.98770899999999529 ) ) ;
#1257 = ORIENTED_EDGE ( 'NONE', *, *, #399, .F. ) ;
#1258 = CARTESIAN_POINT ( 'NONE',  ( 5.000000000000000000, -28.22778582542151327, 17.60517362824719001 ) ) ;
#1259 = ORIENTED_EDGE ( 'NONE', *, *, #873, .T. ) ;
#1260 = CARTESIAN_POINT ( 'NONE',  ( 5.000000000000000000, -110.3619612076726071, 71.57420056516757256 ) ) ;
#1261 = AXIS2_PLACEMENT_3D ( 'NONE', #251, #134, #958 ) ;
#1262 = LINE ( 'NONE', #181, #1356 ) ;
#1263 = DIRECTION ( 'NONE',  ( 0.000000000000000000, 0.000000000000000000, -1.000000000000000000 ) ) ;
#1264 = ORIENTED_EDGE ( 'NONE', *, *, #735, .F. ) ;
#1265 = AXIS2_PLACEMENT_3D ( 'NONE', #1101, #48, #987 ) ;
#1266 = CIRCLE ( 'NONE', #597, 2.049999999999999822 ) ;
#1267 = VECTOR ( 'NONE', #554, 1000.000000000000000 ) ;
#1268 = DIRECTION ( 'NONE',  ( 1.000000000000000000, 0.000000000000000000, 0.000000000000000000 ) ) ;
#1269 = ORIENTED_EDGE ( 'NONE', *, *, #258, .T. ) ;
#1270 = LINE ( 'NONE', #294, #1478 ) ;
#1271 = LINE ( 'NONE', #191, #154 ) ;
#1272 = AXIS2_PLACEMENT_3D ( 'NONE', #965, #956, #1418 ) ;
#1273 = DIRECTION ( 'NONE',  ( 1.000000000000000000, 0.000000000000000000, 0.000000000000000000 ) ) ;
#1274 = ORIENTED_EDGE ( 'NONE', *, *, #1415, .F. ) ;
#1275 = PRODUCT ( 'Part3^Master Assembly', 'Part3^Master Assembly', '', ( #290 ) ) ;
#1276 = AXIS2_PLACEMENT_3D ( 'NONE', #189, #198, #172 ) ;
#1277 = CARTESIAN_POINT ( 'NONE',  ( 5.000000000000000000, -28.22778582542151327, 74.87090287813920497 ) ) ;
#1278 = ORIENTED_EDGE ( 'NONE', *, *, #416, .F. ) ;
#1279 = DIRECTION ( 'NONE',  ( 1.000000000000000000, 0.000000000000000000, 0.000000000000000000 ) ) ;
#1280 = DIRECTION ( 'NONE',  ( 1.000000000000000000, 0.000000000000000000, 0.000000000000000000 ) ) ;
#1281 = CARTESIAN_POINT ( 'NONE',  ( 5.000000000000000000, -22.20258700000271546, 36.65877914847070684 ) ) ;
#1282 = EDGE_CURVE ( 'NONE', #371, #353, #1161, .T. ) ;
#1283 = EDGE_LOOP ( 'NONE', ( #937, #511, #930, #417 ) ) ;
#1284 = VECTOR ( 'NONE', #688, 1000.000000000000000 ) ;
#1285 = DIRECTION ( 'NONE',  ( -1.000000000000000000, -0.000000000000000000, -0.000000000000000000 ) ) ;
#1286 = EDGE_CURVE ( 'NONE', #541, #755, #1145, .T. ) ;
#1287 = ORIENTED_EDGE ( 'NONE', *, *, #401, .T. ) ;
#1288 = FACE_OUTER_BOUND ( 'NONE', #921, .T. ) ;
#1289 = CYLINDRICAL_SURFACE ( 'NONE', #358, 5.699999678831016325 ) ;
#1290 = DIRECTION ( 'NONE',  ( 0.000000000000000000, 0.000000000000000000, -1.000000000000000000 ) ) ;
#1291 = ORIENTED_EDGE ( 'NONE', *, *, #248, .T. ) ;
#1292 = CARTESIAN_POINT ( 'NONE',  ( 5.925546542868564082, -60.90258700000000402, 90.96216245713159765 ) ) ;
#1293 = CIRCLE ( 'NONE', #161, 5.699999678831016325 ) ;
#1294 = VECTOR ( 'NONE', #1314, 1000.000000000000000 ) ;
#1295 = ORIENTED_EDGE ( 'NONE', *, *, #702, .T. ) ;
#1296 = ORIENTED_EDGE ( 'NONE', *, *, #303, .F. ) ;
#1297 = DIRECTION ( 'NONE',  ( -1.000000000000000000, -0.000000000000000000, -0.000000000000000000 ) ) ;
#1298 = CARTESIAN_POINT ( 'NONE',  ( 0.000000000000000000, -110.3619612076726355, 21.57420056516754769 ) ) ;
#1299 = EDGE_LOOP ( 'NONE', ( #1541, #794 ) ) ;
#1300 = CARTESIAN_POINT ( 'NONE',  ( 0.000000000000000000, -28.22778582542151327, 15.55517362824718930 ) ) ;
#1301 = VERTEX_POINT ( 'NONE', #1281 ) ;
#1302 = EDGE_CURVE ( 'NONE', #1425, #1372, #950, .T. ) ;
#1303 = CARTESIAN_POINT ( 'NONE',  ( 0.000000000000000000, -28.22778582542151327, 15.55517362824718930 ) ) ;
#1304 = CARTESIAN_POINT ( 'NONE',  ( 5.000000000000000000, -79.36202774683057726, 14.05720025316940713 ) ) ;
#1305 = DIRECTION ( 'NONE',  ( -1.000000000000000000, -0.000000000000000000, -0.000000000000000000 ) ) ;
#1306 = VECTOR ( 'NONE', #162, 1000.000000000000000 ) ;
#1307 = EDGE_CURVE ( 'NONE', #374, #336, #305, .T. ) ;
#1308 = EDGE_LOOP ( 'NONE', ( #1466, #265, #1150, #43 ) ) ;
#1309 = CYLINDRICAL_SURFACE ( 'NONE', #796, 2.049999999999996270 ) ;
#1310 = ORIENTED_EDGE ( 'NONE', *, *, #145, .T. ) ;
#1311 = FACE_BOUND ( 'NONE', #977, .T. ) ;
#1312 = AXIS2_PLACEMENT_3D ( 'NONE', #879, #765, #1118 ) ;
#1313 = CARTESIAN_POINT ( 'NONE',  ( 2.000000000000000000, -43.61675465093448167, 65.28770899999999244 ) ) ;
#1314 = DIRECTION ( 'NONE',  ( -1.000000000000000000, -0.000000000000000000, -0.000000000000000000 ) ) ;
#1315 = ORIENTED_EDGE ( 'NONE', *, *, #591, .T. ) ;
#1316 = CARTESIAN_POINT ( 'NONE',  ( 2.000000000000000000, -27.90258667883000143, 59.58770932116600250 ) ) ;
#1317 = EDGE_LOOP ( 'NONE', ( #341, #820, #1027 ) ) ;
#1318 =( NAMED_UNIT ( * ) SI_UNIT ( $, .STERADIAN. ) SOLID_ANGLE_UNIT ( ) );
#1319 = ORIENTED_EDGE ( 'NONE', *, *, #1065, .T. ) ;
#1320 = CARTESIAN_POINT ( 'NONE',  ( 0.000000000000000000, -93.57738817457847347, 74.87090287813921918 ) ) ;
#1321 = VECTOR ( 'NONE', #1053, 1000.000000000000000 ) ;
#1322 = CARTESIAN_POINT ( 'NONE',  ( 5.000000000000000000, -97.93309069259112221, 32.62826319898164940 ) ) ;
#1323 = DIRECTION ( 'NONE',  ( 0.000000000000000000, 0.000000000000000000, -1.000000000000000000 ) ) ;
#1324 = AXIS2_PLACEMENT_3D ( 'NONE', #687, #1159, #1488 ) ;
#1325 = ORIENTED_EDGE ( 'NONE', *, *, #1026, .F. ) ;
#1326 = UNCERTAINTY_MEASURE_WITH_UNIT (LENGTH_MEASURE( 1.000000000000000082E-05 ), #393, 'distance_accuracy_value', 'NONE');
#1327 = SURFACE_STYLE_FILL_AREA ( #856 ) ;
#1328 = CARTESIAN_POINT ( 'NONE',  ( 5.000000000000000000, -28.22778582542151327, 15.55517362824718930 ) ) ;
#1329 = EDGE_LOOP ( 'NONE', ( #1180, #19, #690, #1054 ) ) ;
#1330 = CARTESIAN_POINT ( 'NONE',  ( 0.000000000000000000, 0.000000000000000000, 0.000000000000000000 ) ) ;
#1331 = ORIENTED_EDGE ( 'NONE', *, *, #1009, .F. ) ;
#1332 = LINE ( 'NONE', #1467, #230 ) ;
#1333 = ADVANCED_FACE ( 'NONE', ( #1031 ), #808, .F. ) ;
#1334 = ORIENTED_EDGE ( 'NONE', *, *, #1023, .F. ) ;
#1335 = DIRECTION ( 'NONE',  ( 0.000000000000000000, 0.7660444431189771253, -0.6427876096865403621 ) ) ;
#1336 = FACE_OUTER_BOUND ( 'NONE', #939, .T. ) ;
#1337 = CIRCLE ( 'NONE', #1539, 17.29999999999999716 ) ;
#1338 = ORIENTED_EDGE ( 'NONE', *, *, #280, .T. ) ;
#1339 = CARTESIAN_POINT ( 'NONE',  ( 0.000000000000000000, -87.25628796984491942, 2.186238673203500404 ) ) ;
#1340 = ORIENTED_EDGE ( 'NONE', *, *, #1449, .T. ) ;
#1341 = DIRECTION ( 'NONE',  ( -1.000000000000000000, -0.000000000000000000, -0.000000000000000000 ) ) ;
#1342 = AXIS2_PLACEMENT_3D ( 'NONE', #1157, #176, #443 ) ;
#1343 = AXIS2_PLACEMENT_3D ( 'NONE', #184, #1154, #77 ) ;
#1344 = DIRECTION ( 'NONE',  ( 0.000000000000000000, -0.7660444431189769032, -0.6427876096865406952 ) ) ;
#1345 = CARTESIAN_POINT ( 'NONE',  ( 5.000000000000000000, -11.44321279232737432, 21.57420056516754769 ) ) ;
#1346 = CIRCLE ( 'NONE', #1272, 5.699999678831016325 ) ;
#1347 = EDGE_CURVE ( 'NONE', #1410, #816, #240, .T. ) ;
#1348 = VERTEX_POINT ( 'NONE', #1014 ) ;
#1349 = DIRECTION ( 'NONE',  ( 0.000000000000000000, 0.000000000000000000, -1.000000000000000000 ) ) ;
#1350 = CIRCLE ( 'NONE', #1201, 13.40000000000000213 ) ;
#1351 = DIRECTION ( 'NONE',  ( 0.000000000000000000, 1.000000000000000000, -5.551115123125781716E-16 ) ) ;
#1352 = EDGE_CURVE ( 'NONE', #713, #1221, #789, .T. ) ;
#1353 = CARTESIAN_POINT ( 'NONE',  ( 2.000000000000000000, -79.36202774683057726, 14.05720025316940713 ) ) ;
#1354 = VERTEX_POINT ( 'NONE', #781 ) ;
#1355 = CARTESIAN_POINT ( 'NONE',  ( 2.000000000000000000, -80.84231769622000741, 96.34412254811232401 ) ) ;
#1356 = VECTOR ( 'NONE', #1144, 1000.000000000000000 ) ;
#1357 = CYLINDRICAL_SURFACE ( 'NONE', #222, 1.600000000000004086 ) ;
#1358 = EDGE_CURVE ( 'NONE', #955, #136, #59, .T. ) ;
#1359 = CARTESIAN_POINT ( 'NONE',  ( 5.000000000000000000, -60.90258700000000402, 51.18770899999999102 ) ) ;
#1360 = ORIENTED_EDGE ( 'NONE', *, *, #408, .T. ) ;
#1361 = LINE ( 'NONE', #278, #260 ) ;
#1362 = AXIS2_PLACEMENT_3D ( 'NONE', #376, #1090, #1323 ) ;
#1363 = CARTESIAN_POINT ( 'NONE',  ( 2.000000000000000000, -60.90258700000000402, 25.58770900000000026 ) ) ;
#1364 = EDGE_CURVE ( 'NONE', #999, #8, #599, .T. ) ;
#1365 = ORIENTED_EDGE ( 'NONE', *, *, #407, .F. ) ;
#1366 = PRODUCT_CONTEXT ( 'NONE', #138, 'mechanical' ) ;
#1367 = CARTESIAN_POINT ( 'NONE',  ( 5.925546542868564082, -60.90258700000000402, 90.96216245713159765 ) ) ;
#1368 = VERTEX_POINT ( 'NONE', #545 ) ;
#1369 = DIRECTION ( 'NONE',  ( 0.000000000000000000, 0.000000000000000000, -1.000000000000000000 ) ) ;
#1370 = DIRECTION ( 'NONE',  ( 0.000000000000000000, -0.7660444431189769032, 0.6427876096865405842 ) ) ;
#1371 = CARTESIAN_POINT ( 'NONE',  ( 5.000000000000000000, -60.90258700000000402, 64.58770899999998960 ) ) ;
#1372 = VERTEX_POINT ( 'NONE', #1022 ) ;
#1373 = CYLINDRICAL_SURFACE ( 'NONE', #1037, 2.049999999999996270 ) ;
#1374 = CIRCLE ( 'NONE', #962, 2.049999999999996270 ) ;
#1375 = EDGE_LOOP ( 'NONE', ( #576, #1212, #87, #1173 ) ) ;
#1376 = DIRECTION ( 'NONE',  ( -1.000000000000000000, -0.000000000000000000, -0.000000000000000000 ) ) ;
#1377 =( REPRESENTATION_RELATIONSHIP ('NONE','NONE', #817, #860 ) REPRESENTATION_RELATIONSHIP_WITH_TRANSFORMATION ( #1111 )SHAPE_REPRESENTATION_RELATIONSHIP( ) );
#1378 = DIRECTION ( 'NONE',  ( -1.000000000000000000, -0.000000000000000000, -0.000000000000000000 ) ) ;
#1379 = LINE ( 'NONE', #564, #183 ) ;
#1380 = ORIENTED_EDGE ( 'NONE', *, *, #1358, .T. ) ;
#1381 = CIRCLE ( 'NONE', #1508, 5.699999678836997319 ) ;
#1382 = CARTESIAN_POINT ( 'NONE',  ( 0.000000000000000000, -28.22778582542151327, 17.60517362824719001 ) ) ;
#1383 = EDGE_LOOP ( 'NONE', ( #97, #686, #1405, #1360 ) ) ;
#1384 = CARTESIAN_POINT ( 'NONE',  ( 2.000000000000000000, -110.3619612076726355, 21.57420056516754769 ) ) ;
#1385 = CIRCLE ( 'NONE', #944, 2.050000000000006484 ) ;
#1386 = CARTESIAN_POINT ( 'NONE',  ( 5.000000000000000000, -27.90258667883000143, 59.58770932116600250 ) ) ;
#1387 = CIRCLE ( 'NONE', #568, 2.050000000000006484 ) ;
#1388 = CARTESIAN_POINT ( 'NONE',  ( 5.000000000000000000, -53.85431027177713759, 90.96216245713159765 ) ) ;
#1389 = VERTEX_POINT ( 'NONE', #1388 ) ;
#1390 = AXIS2_PLACEMENT_3D ( 'NONE', #1371, #296, #689 ) ;
#1391 = DIRECTION ( 'NONE',  ( 0.000000000000000000, 0.000000000000000000, -1.000000000000000000 ) ) ;
#1392 = VERTEX_POINT ( 'NONE', #193 ) ;
#1393 = CARTESIAN_POINT ( 'NONE',  ( 0.000000000000000000, -93.57738817457848768, 19.65517362824719427 ) ) ;
#1394 = EDGE_CURVE ( 'NONE', #713, #371, #543, .T. ) ;
#1395 = CARTESIAN_POINT ( 'NONE',  ( 5.000000000000000000, 0.000000000000000000, 90.96216245713159765 ) ) ;
#1396 = CYLINDRICAL_SURFACE ( 'NONE', #1390, 13.39999999999999503 ) ;
#1397 = EDGE_LOOP ( 'NONE', ( #436, #864, #581, #1439 ) ) ;
#1398 = AXIS2_PLACEMENT_3D ( 'NONE', #528, #994, #1469 ) ;
#1399 = ADVANCED_FACE ( 'NONE', ( #1040 ), #441, .F. ) ;
#1400 = DIRECTION ( 'NONE',  ( -0.7071067811865439090, 0.000000000000000000, 0.7071067811865512365 ) ) ;
#1401 = ORIENTED_EDGE ( 'NONE', *, *, #522, .F. ) ;
#1402 = DIRECTION ( 'NONE',  ( 0.000000000000000000, 0.000000000000000000, -1.000000000000000000 ) ) ;
#1403 = CARTESIAN_POINT ( 'NONE',  ( 5.000000000000000000, -22.20258699999999763, 59.58770900000000381 ) ) ;
#1404 = LINE ( 'NONE', #1523, #1016 ) ;
#1405 = ORIENTED_EDGE ( 'NONE', *, *, #447, .F. ) ;
#1406 = CARTESIAN_POINT ( 'NONE',  ( 0.000000000000000000, -28.90258700000000047, 60.18770900000000523 ) ) ;
#1407 = PRODUCT_RELATED_PRODUCT_CATEGORY ( 'part', '', ( #320 ) ) ;
#1408 = ORIENTED_EDGE ( 'NONE', *, *, #906, .F. ) ;
#1409 = FACE_BOUND ( 'NONE', #1444, .T. ) ;
#1410 = VERTEX_POINT ( 'NONE', #1082 ) ;
#1411 = DIRECTION ( 'NONE',  ( 0.000000000000000000, 0.000000000000000000, 1.000000000000000000 ) ) ;
#1412 = AXIS2_PLACEMENT_3D ( 'NONE', #640, #375, #22 ) ;
#1413 = CARTESIAN_POINT ( 'NONE',  ( 5.000000000000000000, -75.33153434609999977, 18.08767240541400056 ) ) ;
#1414 = ORIENTED_EDGE ( 'NONE', *, *, #515, .F. ) ;
#1415 = EDGE_CURVE ( 'NONE', #729, #420, #1071, .T. ) ;
#1416 = CARTESIAN_POINT ( 'NONE',  ( 5.598115102183630398, -65.63419216164967906, 90.96216245713159765 ) ) ;
#1417 = ORIENTED_EDGE ( 'NONE', *, *, #685, .T. ) ;
#1418 = DIRECTION ( 'NONE',  ( 0.000000000000000000, 0.000000000000000000, -1.000000000000000000 ) ) ;
#1419 = EDGE_CURVE ( 'NONE', #869, #878, #466, .T. ) ;
#1420 = CARTESIAN_POINT ( 'NONE',  ( 5.000000000000000000, -42.44314119898039905, 14.05720530740663143 ) ) ;
#1421 = CARTESIAN_POINT ( 'NONE',  ( 5.000000000000000000, 1.239649047000082864E-11, 65.28770899998515631 ) ) ;
#1422 = LINE ( 'NONE', #659, #1232 ) ;
#1423 = CARTESIAN_POINT ( 'NONE',  ( 0.000000000000000000, -93.57738817457847347, 72.82090287813922203 ) ) ;
#1424 = CIRCLE ( 'NONE', #1398, 5.699963405433036812 ) ;
#1425 = VERTEX_POINT ( 'NONE', #596 ) ;
#1426 = CARTESIAN_POINT ( 'NONE',  ( 0.000000000000000000, -93.57738817457847347, 72.82090287813922203 ) ) ;
#1427 = DIRECTION ( 'NONE',  ( -1.000000000000000000, -0.000000000000000000, -0.000000000000000000 ) ) ;
#1428 = EDGE_CURVE ( 'NONE', #1554, #1032, #118, .T. ) ;
#1429 = LINE ( 'NONE', #355, #1193 ) ;
#1430 = AXIS2_PLACEMENT_3D ( 'NONE', #1108, #763, #168 ) ;
#1431 = VERTEX_POINT ( 'NONE', #1531 ) ;
#1432 = CARTESIAN_POINT ( 'NONE',  ( 5.000000000000000000, -27.90258704496380204, 65.28770899999800292 ) ) ;
#1433 = VECTOR ( 'NONE', #928, 1000.000000000000000 ) ;
#1434 = ORIENTED_EDGE ( 'NONE', *, *, #850, .T. ) ;
#1435 =( NAMED_UNIT ( * ) PLANE_ANGLE_UNIT ( ) SI_UNIT ( $, .RADIAN. ) );
#1436 = VECTOR ( 'NONE', #7, 1000.000000000000000 ) ;
#1437 = CARTESIAN_POINT ( 'NONE',  ( 5.000000000000000000, 0.000000000000000000, 0.000000000000000000 ) ) ;
#1438 = DIRECTION ( 'NONE',  ( 1.000000000000000000, 0.000000000000000000, 0.000000000000000000 ) ) ;
#1439 = ORIENTED_EDGE ( 'NONE', *, *, #1038, .T. ) ;
#1440 = CIRCLE ( 'NONE', #770, 1.600000000000004086 ) ;
#1441 = APPLICATION_CONTEXT ( 'automotive_design' ) ;
#1442 = EDGE_LOOP ( 'NONE', ( #871, #834 ) ) ;
#1443 = DIRECTION ( 'NONE',  ( -1.000000000000000000, -0.000000000000000000, -0.000000000000000000 ) ) ;
#1444 = EDGE_LOOP ( 'NONE', ( #1069, #458 ) ) ;
#1445 = LINE ( 'NONE', #1555, #1156 ) ;
#1446 = DIRECTION ( 'NONE',  ( -0.000000000000000000, 0.7071067811875317854, 0.7071067811855633600 ) ) ;
#1447 = ORIENTED_EDGE ( 'NONE', *, *, #587, .F. ) ;
#1448 = AXIS2_PLACEMENT_3D ( 'NONE', #951, #858, #370 ) ;
#1449 = EDGE_CURVE ( 'NONE', #420, #729, #644, .T. ) ;
#1450 = ORIENTED_EDGE ( 'NONE', *, *, #1168, .F. ) ;
#1451 = UNCERTAINTY_MEASURE_WITH_UNIT (LENGTH_MEASURE( 1.000000000000000082E-05 ), #845, 'distance_accuracy_value', 'NONE');
#1452 = FACE_BOUND ( 'NONE', #1299, .T. ) ;
#1453 = ORIENTED_EDGE ( 'NONE', *, *, #1121, .F. ) ;
#1454 = DIRECTION ( 'NONE',  ( 0.000000000000000000, 0.000000000000000000, 1.000000000000000000 ) ) ;
#1455 = APPLICATION_CONTEXT ( 'automotive_design' ) ;
#1456 = ORIENTED_EDGE ( 'NONE', *, *, #416, .T. ) ;
#1457 = CARTESIAN_POINT ( 'NONE',  ( 5.000000000000000000, -23.87207825316941978, 32.62826825316940926 ) ) ;
#1458 = ORIENTED_EDGE ( 'NONE', *, *, #1227, .F. ) ;
#1459 = CARTESIAN_POINT ( 'NONE',  ( 0.000000000000000000, 0.000000000000000000, 90.96216245713159765 ) ) ;
#1460 = EDGE_LOOP ( 'NONE', ( #99, #218, #130, #1340 ) ) ;
#1461 = CYLINDRICAL_SURFACE ( 'NONE', #465, 5.699999678836997319 ) ;
#1462 = VECTOR ( 'NONE', #28, 1000.000000000000000 ) ;
#1463 = CARTESIAN_POINT ( 'NONE',  ( 5.000000000000000000, -87.25628796984491942, 90.96216245713159765 ) ) ;
#1464 = EDGE_CURVE ( 'NONE', #165, #472, #1429, .T. ) ;
#1465 = VECTOR ( 'NONE', #980, 1000.000000000000000 ) ;
#1466 = ORIENTED_EDGE ( 'NONE', *, *, #1302, .T. ) ;
#1467 = CARTESIAN_POINT ( 'NONE',  ( 2.000000000000000000, -22.20258700000706042, 2.630521213253634923E-12 ) ) ;
#1468 = ORIENTED_EDGE ( 'NONE', *, *, #1545, .T. ) ;
#1469 = DIRECTION ( 'NONE',  ( 0.000000000000000000, -1.826036434890076412E-15, -1.000000000000000000 ) ) ;
#1470 = AXIS2_PLACEMENT_3D ( 'NONE', #897, #656, #410 ) ;
#1471 = ADVANCED_FACE ( 'NONE', ( #1 ), #610, .F. ) ;
#1472 = AXIS2_PLACEMENT_3D ( 'NONE', #698, #338, #579 ) ;
#1473 = DIRECTION ( 'NONE',  ( 0.000000000000000000, 0.000000000000000000, -1.000000000000000000 ) ) ;
#1474 = FACE_OUTER_BOUND ( 'NONE', #683, .T. ) ;
#1475 = CIRCLE ( 'NONE', #1197, 2.049999999999996270 ) ;
#1476 = EDGE_LOOP ( 'NONE', ( #809, #2 ) ) ;
#1477 = DIRECTION ( 'NONE',  ( 0.000000000000000000, -0.7071067811874651721, -0.7071067811856299734 ) ) ;
#1478 = VECTOR ( 'NONE', #560, 1000.000000000000000 ) ;
#1479 = EDGE_CURVE ( 'NONE', #1354, #657, #706, .T. ) ;
#1480 = CARTESIAN_POINT ( 'NONE',  ( 2.000000000000000000, -99.60258700000481724, 1.308177784882047154E-11 ) ) ;
#1481 = DIRECTION ( 'NONE',  ( 0.000000000000000000, 0.000000000000000000, -1.000000000000000000 ) ) ;
#1482 = ORIENTED_EDGE ( 'NONE', *, *, #280, .F. ) ;
#1483 = FACE_OUTER_BOUND ( 'NONE', #1375, .T. ) ;
#1484 = VECTOR ( 'NONE', #918, 1000.000000000000000 ) ;
#1485 = CARTESIAN_POINT ( 'NONE',  ( 2.000000000000000000, -110.3619612076726497, 6.126319518777325047E-14 ) ) ;
#1486 = CARTESIAN_POINT ( 'NONE',  ( 2.000000000000000000, -32.65241374694104337, -32.65241374685015074 ) ) ;
#1487 = ORIENTED_EDGE ( 'NONE', *, *, #167, .F. ) ;
#1488 = DIRECTION ( 'NONE',  ( 0.000000000000000000, 0.000000000000000000, -1.000000000000000000 ) ) ;
#1489 = DIRECTION ( 'NONE',  ( 0.000000000000000000, 5.551115123125781716E-16, 1.000000000000000000 ) ) ;
#1490 = AXIS2_PLACEMENT_3D ( 'NONE', #929, #86, #50 ) ;
#1491 = CARTESIAN_POINT ( 'NONE',  ( 2.000000000000000000, 1.239649047000082864E-11, 65.28770899998515631 ) ) ;
#1492 = ORIENTED_EDGE ( 'NONE', *, *, #626, .T. ) ;
#1493 = CARTESIAN_POINT ( 'NONE',  ( 5.000000000000000000, -28.22778582542151327, 72.82090287813920781 ) ) ;
#1494 = EDGE_CURVE ( 'NONE', #805, #1190, #675, .T. ) ;
#1495 = EDGE_LOOP ( 'NONE', ( #1310, #380 ) ) ;
#1496 = DIRECTION ( 'NONE',  ( 1.000000000000000000, 0.000000000000000000, 0.000000000000000000 ) ) ;
#1497 = LINE ( 'NONE', #578, #1502 ) ;
#1498 = DIRECTION ( 'NONE',  ( -1.000000000000000000, -0.000000000000000000, -0.000000000000000000 ) ) ;
#1499 = ORIENTED_EDGE ( 'NONE', *, *, #718, .T. ) ;
#1500 = ADVANCED_FACE ( 'NONE', ( #825 ), #101, .T. ) ;
#1501 = CARTESIAN_POINT ( 'NONE',  ( 5.530017343003915009, -56.17221842049795555, 90.96216245713158344 ) ) ;
#1502 = VECTOR ( 'NONE', #423, 1000.000000000000000 ) ;
#1503 = EDGE_LOOP ( 'NONE', ( #81, #1061, #699, #752 ) ) ;
#1504 = CARTESIAN_POINT ( 'NONE',  ( 0.000000000000000000, -15.35127986295111668, 18.29494292759108376 ) ) ;
#1505 = LINE ( 'NONE', #1029, #556 ) ;
#1506 = CARTESIAN_POINT ( 'NONE',  ( 0.000000000000000000, -93.57738817457848768, 17.60517362824719001 ) ) ;
#1507 = ORIENTED_EDGE ( 'NONE', *, *, #350, .F. ) ;
#1508 = AXIS2_PLACEMENT_3D ( 'NONE', #614, #1112, #504 ) ;
#1509 = DIRECTION ( 'NONE',  ( 0.000000000000000000, 0.000000000000000000, -1.000000000000000000 ) ) ;
#1510 = ADVANCED_FACE ( 'NONE', ( #1194 ), #1170, .T. ) ;
#1511 = VERTEX_POINT ( 'NONE', #1298 ) ;
#1512 = CYLINDRICAL_SURFACE ( 'NONE', #732, 5.699963405433036812 ) ;
#1513 = DIRECTION ( 'NONE',  ( 0.000000000000000000, 0.000000000000000000, 1.000000000000000000 ) ) ;
#1514 = AXIS2_PLACEMENT_3D ( 'NONE', #494, #468, #952 ) ;
#1515 = EDGE_CURVE ( 'NONE', #136, #869, #109, .T. ) ;
#1516 = DIRECTION ( 'NONE',  ( 0.000000000000000000, 0.000000000000000000, 1.000000000000000000 ) ) ;
#1517 = ORIENTED_EDGE ( 'NONE', *, *, #801, .T. ) ;
#1518 = CIRCLE ( 'NONE', #1139, 1.600000000000004086 ) ;
#1519 = DIRECTION ( 'NONE',  ( 0.000000000000000000, 0.000000000000000000, -1.000000000000000000 ) ) ;
#1520 = VERTEX_POINT ( 'NONE', #1089 ) ;
#1521 = DIRECTION ( 'NONE',  ( 0.000000000000000000, 0.000000000000000000, 1.000000000000000000 ) ) ;
#1522 = FACE_OUTER_BOUND ( 'NONE', #1224, .T. ) ;
#1523 = CARTESIAN_POINT ( 'NONE',  ( 0.000000000000000000, -93.57738817457848768, 15.55517362824718219 ) ) ;
#1524 = ADVANCED_FACE ( 'NONE', ( #1540 ), #226, .T. ) ;
#1525 = VERTEX_POINT ( 'NONE', #1204 ) ;
#1526 = DIRECTION ( 'NONE',  ( 1.000000000000000000, 0.000000000000000000, 0.000000000000000000 ) ) ;
#1527 = ORIENTED_EDGE ( 'NONE', *, *, #567, .F. ) ;
#1528 = LINE ( 'NONE', #971, #446 ) ;
#1529 = CARTESIAN_POINT ( 'NONE',  ( 5.000000000000000000, 1.239649047000082864E-11, 65.28770899998515631 ) ) ;
#1530 = EDGE_CURVE ( 'NONE', #165, #915, #346, .T. ) ;
#1531 = CARTESIAN_POINT ( 'NONE',  ( 5.000000000000000000, -93.57738817457847347, 74.87090287813921918 ) ) ;
#1532 = VERTEX_POINT ( 'NONE', #715 ) ;
#1533 = CARTESIAN_POINT ( 'NONE',  ( 0.000000000000000000, -60.90258700000000402, 27.18770900000000523 ) ) ;
#1534 = ADVANCED_FACE ( 'NONE', ( #1072, #724 ), #604, .T. ) ;
#1535 = ORIENTED_EDGE ( 'NONE', *, *, #216, .T. ) ;
#1536 = LINE ( 'NONE', #489, #1235 ) ;
#1537 = ORIENTED_EDGE ( 'NONE', *, *, #727, .F. ) ;
#1538 = DIRECTION ( 'NONE',  ( 1.000000000000000000, 0.000000000000000000, 0.000000000000000000 ) ) ;
#1539 = AXIS2_PLACEMENT_3D ( 'NONE', #149, #1007, #748 ) ;
#1540 = FACE_OUTER_BOUND ( 'NONE', #1165, .T. ) ;
#1541 = ORIENTED_EDGE ( 'NONE', *, *, #873, .F. ) ;
#1542 = LINE ( 'NONE', #471, #58 ) ;
#1543 = AXIS2_PLACEMENT_3D ( 'NONE', #70, #326, #566 ) ;
#1544 = AXIS2_PLACEMENT_3D ( 'NONE', #936, #902, #1290 ) ;
#1545 = EDGE_CURVE ( 'NONE', #742, #960, #851, .T. ) ;
#1546 = ORIENTED_EDGE ( 'NONE', *, *, #323, .T. ) ;
#1547 = FACE_OUTER_BOUND ( 'NONE', #812, .T. ) ;
#1548 = CARTESIAN_POINT ( 'NONE',  ( 15.00000000000000178, -60.90258700000000402, 25.58770900000000026 ) ) ;
#1549 = DIRECTION ( 'NONE',  ( 0.000000000000000000, 0.000000000000000000, -1.000000000000000000 ) ) ;
#1550 = DIRECTION ( 'NONE',  ( 0.000000000000000000, -1.271719568248705033E-13, -1.000000000000000000 ) ) ;
#1551 =( GEOMETRIC_REPRESENTATION_CONTEXT ( 3 ) GLOBAL_UNCERTAINTY_ASSIGNED_CONTEXT ( ( #496 ) ) GLOBAL_UNIT_ASSIGNED_CONTEXT ( ( #1078, #1435, #1318 ) ) REPRESENTATION_CONTEXT ( 'NONE', 'WORKASPACE' ) );
#1552 = DIRECTION ( 'NONE',  ( -1.000000000000000000, -0.000000000000000000, -0.000000000000000000 ) ) ;
#1553 = DIRECTION ( 'NONE',  ( -1.000000000000000000, -0.000000000000000000, -0.000000000000000000 ) ) ;
#1554 = VERTEX_POINT ( 'NONE', #1206 ) ;
#1555 = CARTESIAN_POINT ( 'NONE',  ( 0.000000000000000000, -110.3619612076726497, 6.126319518777325047E-14 ) ) ;
#1556 = NEXT_ASSEMBLY_USAGE_OCCURRENCE ( 'NAUO1', ' ', ' ', #1245, #343, $ ) ;
ENDSEC;
END-ISO-10303-21;
